Zancada,Método,Fase,Inicio_fase,Fin_fase,Duración_fase,Inicio_zancada_CSV,Duración_zancada_CSV,Inicio_zancada_video,Duración_zancada_video
1,CSV,Heel strike - Loading response,00:02.015625,00:02.114062,00:00.098438,00:02.015625,00:00.984375,00:01.774000,00:01.101000
1,CSV,Mid-stance,00:02.114062,00:02.310938,00:00.196875,00:02.015625,00:00.984375,00:01.774000,00:01.101000
1,CSV,Terminal stance,00:02.310938,00:02.507813,00:00.196875,00:02.015625,00:00.984375,00:01.774000,00:01.101000
1,CSV,Pre-swing,00:02.507813,00:02.606250,00:00.098438,00:02.015625,00:00.984375,00:01.774000,00:01.101000
1,CSV,Toe-off,00:02.606250,00:02.734220,00:00.127969,00:02.015625,00:00.984375,00:01.774000,00:01.101000
1,CSV,Mid-swing,00:02.734220,00:02.872033,00:00.137813,00:02.015625,00:00.984375,00:01.774000,00:01.101000
1,CSV,Terminal swing,00:02.872033,00:03.000001,00:00.127969,00:02.015625,00:00.984375,00:01.774000,00:01.101000
1,Video,Heel strike - Loading response,00:01.774000,00:01.884100,00:00.110100,00:02.015625,00:00.984375,00:01.774000,00:01.101000
1,Video,Mid-stance,00:01.884100,00:02.104299,00:00.220200,00:02.015625,00:00.984375,00:01.774000,00:01.101000
1,Video,Terminal stance,00:02.104299,00:02.324500,00:00.220200,00:02.015625,00:00.984375,00:01.774000,00:01.101000
1,Video,Pre-swing,00:02.324500,00:02.434600,00:00.110100,00:02.015625,00:00.984375,00:01.774000,00:01.101000
1,Video,Toe-off,00:02.434600,00:02.577729,00:00.143130,00:02.015625,00:00.984375,00:01.774000,00:01.101000
1,Video,Mid-swing,00:02.577729,00:02.731869,00:00.154140,00:02.015625,00:00.984375,00:01.774000,00:01.101000
1,Video,Terminal swing,00:02.731869,00:02.875000,00:00.143130,00:02.015625,00:00.984375,00:01.774000,00:01.101000
2,CSV,Heel strike - Loading response,00:03.000000,00:03.109375,00:00.109375,00:03.000000,00:01.093750,00:02.875000,00:01.136200
2,CSV,Mid-stance,00:03.109375,00:03.328125,00:00.218750,00:03.000000,00:01.093750,00:02.875000,00:01.136200
2,CSV,Terminal stance,00:03.328125,00:03.546875,00:00.218750,00:03.000000,00:01.093750,00:02.875000,00:01.136200
2,CSV,Pre-swing,00:03.546875,00:03.656250,00:00.109375,00:03.000000,00:01.093750,00:02.875000,00:01.136200
2,CSV,Toe-off,00:03.656250,00:03.798438,00:00.142188,00:03.000000,00:01.093750,00:02.875000,00:01.136200
2,CSV,Mid-swing,00:03.798438,00:03.951563,00:00.153125,00:03.000000,00:01.093750,00:02.875000,00:01.136200
2,CSV,Terminal swing,00:03.951563,00:04.093751,00:00.142188,00:03.000000,00:01.093750,00:02.875000,00:01.136200
2,Video,Heel strike - Loading response,00:02.875000,00:02.988620,00:00.113620,00:03.000000,00:01.093750,00:02.875000,00:01.136200
2,Video,Mid-stance,00:02.988620,00:03.215860,00:00.227240,00:03.000000,00:01.093750,00:02.875000,00:01.136200
2,Video,Terminal stance,00:03.215860,00:03.443099,00:00.227240,00:03.000000,00:01.093750,00:02.875000,00:01.136200
2,Video,Pre-swing,00:03.443099,00:03.556719,00:00.113620,00:03.000000,00:01.093750,00:02.875000,00:01.136200
2,Video,Toe-off,00:03.556719,00:03.704425,00:00.147706,00:03.000000,00:01.093750,00:02.875000,00:01.136200
2,Video,Mid-swing,00:03.704425,00:03.863494,00:00.159068,00:03.000000,00:01.093750,00:02.875000,00:01.136200
2,Video,Terminal swing,00:03.863494,00:04.011199,00:00.147706,00:03.000000,00:01.093750,00:02.875000,00:01.136200
3,CSV,Heel strike - Loading response,00:04.093750,00:04.206249,00:00.112500,00:04.093750,00:01.125000,00:04.115000,00:01.014699
3,CSV,Mid-stance,00:04.206249,00:04.431250,00:00.225000,00:04.093750,00:01.125000,00:04.115000,00:01.014699
3,CSV,Terminal stance,00:04.431250,00:04.656250,00:00.225000,00:04.093750,00:01.125000,00:04.115000,00:01.014699
3,CSV,Pre-swing,00:04.656250,00:04.768749,00:00.112500,00:04.093750,00:01.125000,00:04.115000,00:01.014699
3,CSV,Toe-off,00:04.768749,00:04.915000,00:00.146250,00:04.093750,00:01.125000,00:04.115000,00:01.014699
3,CSV,Mid-swing,00:04.915000,00:05.072499,00:00.157500,00:04.093750,00:01.125000,00:04.115000,00:01.014699
3,CSV,Terminal swing,00:05.072499,00:05.218750,00:00.146250,00:04.093750,00:01.125000,00:04.115000,00:01.014699
3,Video,Heel strike - Loading response,00:04.115000,00:04.216470,00:00.101470,00:04.093750,00:01.125000,00:04.115000,00:01.014699
3,Video,Mid-stance,00:04.216470,00:04.419410,00:00.202940,00:04.093750,00:01.125000,00:04.115000,00:01.014699
3,Video,Terminal stance,00:04.419410,00:04.622350,00:00.202940,00:04.093750,00:01.125000,00:04.115000,00:01.014699
3,Video,Pre-swing,00:04.622350,00:04.723819,00:00.101470,00:04.093750,00:01.125000,00:04.115000,00:01.014699
3,Video,Toe-off,00:04.723819,00:04.855731,00:00.131911,00:04.093750,00:01.125000,00:04.115000,00:01.014699
3,Video,Mid-swing,00:04.855731,00:04.997789,00:00.142058,00:04.093750,00:01.125000,00:04.115000,00:01.014699
3,Video,Terminal swing,00:04.997789,00:05.129699,00:00.131911,00:04.093750,00:01.125000,00:04.115000,00:01.014699
6,CSV,Heel strike - Loading response,00:08.218750,00:08.331250,00:00.112500,00:08.218750,00:01.125000,00:07.940700,00:01.306800
6,CSV,Mid-stance,00:08.331250,00:08.556250,00:00.225000,00:08.218750,00:01.125000,00:07.940700,00:01.306800
6,CSV,Terminal stance,00:08.556250,00:08.781250,00:00.225000,00:08.218750,00:01.125000,00:07.940700,00:01.306800
6,CSV,Pre-swing,00:08.781250,00:08.893750,00:00.112500,00:08.218750,00:01.125000,00:07.940700,00:01.306800
6,CSV,Toe-off,00:08.893750,00:09.039999,00:00.146250,00:08.218750,00:01.125000,00:07.940700,00:01.306800
6,CSV,Mid-swing,00:09.039999,00:09.197499,00:00.157500,00:08.218750,00:01.125000,00:07.940700,00:01.306800
6,CSV,Terminal swing,00:09.197499,00:09.343750,00:00.146250,00:08.218750,00:01.125000,00:07.940700,00:01.306800
6,Video,Heel strike - Loading response,00:07.940699,00:08.071379,00:00.130679,00:08.218750,00:01.125000,00:07.940700,00:01.306800
6,Video,Mid-stance,00:08.071379,00:08.332739,00:00.261359,00:08.218750,00:01.125000,00:07.940700,00:01.306800
6,Video,Terminal stance,00:08.332739,00:08.594099,00:00.261359,00:08.218750,00:01.125000,00:07.940700,00:01.306800
6,Video,Pre-swing,00:08.594099,00:08.724779,00:00.130679,00:08.218750,00:01.125000,00:07.940700,00:01.306800
6,Video,Toe-off,00:08.724779,00:08.894664,00:00.169884,00:08.218750,00:01.125000,00:07.940700,00:01.306800
6,Video,Mid-swing,00:08.894664,00:09.077616,00:00.182952,00:08.218750,00:01.125000,00:07.940700,00:01.306800
6,Video,Terminal swing,00:09.077616,00:09.247500,00:00.169884,00:08.218750,00:01.125000,00:07.940700,00:01.306800
7,CSV,Heel strike - Loading response,00:09.343750,00:09.462500,00:00.118750,00:09.343750,00:01.187500,00:09.247500,00:01.198700
7,CSV,Mid-stance,00:09.462500,00:09.699999,00:00.237500,00:09.343750,00:01.187500,00:09.247500,00:01.198700
7,CSV,Terminal stance,00:09.699999,00:09.937500,00:00.237500,00:09.343750,00:01.187500,00:09.247500,00:01.198700
7,CSV,Pre-swing,00:09.937500,00:10.056250,00:00.118750,00:09.343750,00:01.187500,00:09.247500,00:01.198700
7,CSV,Toe-off,00:10.056250,00:10.210625,00:00.154375,00:09.343750,00:01.187500,00:09.247500,00:01.198700
7,CSV,Mid-swing,00:10.210625,00:10.376875,00:00.166250,00:09.343750,00:01.187500,00:09.247500,00:01.198700
7,CSV,Terminal swing,00:10.376875,00:10.531250,00:00.154375,00:09.343750,00:01.187500,00:09.247500,00:01.198700
7,Video,Heel strike - Loading response,00:09.247500,00:09.367369,00:00.119870,00:09.343750,00:01.187500,00:09.247500,00:01.198700
7,Video,Mid-stance,00:09.367369,00:09.607110,00:00.239740,00:09.343750,00:01.187500,00:09.247500,00:01.198700
7,Video,Terminal stance,00:09.607110,00:09.846849,00:00.239740,00:09.343750,00:01.187500,00:09.247500,00:01.198700
7,Video,Pre-swing,00:09.846849,00:09.966720,00:00.119870,00:09.343750,00:01.187500,00:09.247500,00:01.198700
7,Video,Toe-off,00:09.966720,00:10.122550,00:00.155831,00:09.343750,00:01.187500,00:09.247500,00:01.198700
7,Video,Mid-swing,00:10.122550,00:10.290369,00:00.167818,00:09.343750,00:01.187500,00:09.247500,00:01.198700
7,Video,Terminal swing,00:10.290369,00:10.446199,00:00.155831,00:09.343750,00:01.187500,00:09.247500,00:01.198700
8,CSV,Heel strike - Loading response,00:10.531250,00:10.656250,00:00.125000,00:10.531250,00:01.250000,00:10.446200,00:01.233100
8,CSV,Mid-stance,00:10.656250,00:10.906250,00:00.250000,00:10.531250,00:01.250000,00:10.446200,00:01.233100
8,CSV,Terminal stance,00:10.906250,00:11.156250,00:00.250000,00:10.531250,00:01.250000,00:10.446200,00:01.233100
8,CSV,Pre-swing,00:11.156250,00:11.281250,00:00.125000,00:10.531250,00:01.250000,00:10.446200,00:01.233100
8,CSV,Toe-off,00:11.281250,00:11.443749,00:00.162500,00:10.531250,00:01.250000,00:10.446200,00:01.233100
8,CSV,Mid-swing,00:11.443749,00:11.618750,00:00.175000,00:10.531250,00:01.250000,00:10.446200,00:01.233100
8,CSV,Terminal swing,00:11.618750,00:11.781250,00:00.162500,00:10.531250,00:01.250000,00:10.446200,00:01.233100
8,Video,Heel strike - Loading response,00:10.446199,00:10.569509,00:00.123310,00:10.531250,00:01.250000,00:10.446200,00:01.233100
8,Video,Mid-stance,00:10.569509,00:10.816129,00:00.246620,00:10.531250,00:01.250000,00:10.446200,00:01.233100
8,Video,Terminal stance,00:10.816129,00:11.062749,00:00.246620,00:10.531250,00:01.250000,00:10.446200,00:01.233100
8,Video,Pre-swing,00:11.062749,00:11.186059,00:00.123310,00:10.531250,00:01.250000,00:10.446200,00:01.233100
8,Video,Toe-off,00:11.186059,00:11.346363,00:00.160303,00:10.531250,00:01.250000,00:10.446200,00:01.233100
8,Video,Mid-swing,00:11.346363,00:11.518997,00:00.172634,00:10.531250,00:01.250000,00:10.446200,00:01.233100
8,Video,Terminal swing,00:11.518997,00:11.679299,00:00.160303,00:10.531250,00:01.250000,00:10.446200,00:01.233100
11,CSV,Heel strike - Loading response,00:14.625000,00:14.732813,00:00.107813,00:14.625000,00:01.078125,00:14.468700,00:01.169400
11,CSV,Mid-stance,00:14.732813,00:14.948437,00:00.215625,00:14.625000,00:01.078125,00:14.468700,00:01.169400
11,CSV,Terminal stance,00:14.948437,00:15.164063,00:00.215625,00:14.625000,00:01.078125,00:14.468700,00:01.169400
11,CSV,Pre-swing,00:15.164063,00:15.271876,00:00.107813,00:14.625000,00:01.078125,00:14.468700,00:01.169400
11,CSV,Toe-off,00:15.271876,00:15.412031,00:00.140156,00:14.625000,00:01.078125,00:14.468700,00:01.169400
11,CSV,Mid-swing,00:15.412031,00:15.562970,00:00.150938,00:14.625000,00:01.078125,00:14.468700,00:01.169400
11,CSV,Terminal swing,00:15.562970,00:15.703125,00:00.140156,00:14.625000,00:01.078125,00:14.468700,00:01.169400
11,Video,Heel strike - Loading response,00:14.468700,00:14.585639,00:00.116940,00:14.625000,00:01.078125,00:14.468700,00:01.169400
11,Video,Mid-stance,00:14.585639,00:14.819520,00:00.233880,00:14.625000,00:01.078125,00:14.468700,00:01.169400
11,Video,Terminal stance,00:14.819520,00:15.053399,00:00.233880,00:14.625000,00:01.078125,00:14.468700,00:01.169400
11,Video,Pre-swing,00:15.053399,00:15.170339,00:00.116940,00:14.625000,00:01.078125,00:14.468700,00:01.169400
11,Video,Toe-off,00:15.170339,00:15.322362,00:00.152022,00:14.625000,00:01.078125,00:14.468700,00:01.169400
11,Video,Mid-swing,00:15.322362,00:15.486077,00:00.163716,00:14.625000,00:01.078125,00:14.468700,00:01.169400
11,Video,Terminal swing,00:15.486077,00:15.638099,00:00.152022,00:14.625000,00:01.078125,00:14.468700,00:01.169400
12,CSV,Heel strike - Loading response,00:15.703125,00:15.818749,00:00.115625,00:15.703125,00:01.156250,00:15.638100,00:01.130100
12,CSV,Mid-stance,00:15.818749,00:16.050000,00:00.231250,00:15.703125,00:01.156250,00:15.638100,00:01.130100
12,CSV,Terminal stance,00:16.050000,00:16.281250,00:00.231250,00:15.703125,00:01.156250,00:15.638100,00:01.130100
12,CSV,Pre-swing,00:16.281250,00:16.396875,00:00.115625,00:15.703125,00:01.156250,00:15.638100,00:01.130100
12,CSV,Toe-off,00:16.396875,00:16.547187,00:00.150313,00:15.703125,00:01.156250,00:15.638100,00:01.130100
12,CSV,Mid-swing,00:16.547187,00:16.709063,00:00.161875,00:15.703125,00:01.156250,00:15.638100,00:01.130100
12,CSV,Terminal swing,00:16.709063,00:16.859376,00:00.150313,00:15.703125,00:01.156250,00:15.638100,00:01.130100
12,Video,Heel strike - Loading response,00:15.638099,00:15.751110,00:00.113010,00:15.703125,00:01.156250,00:15.638100,00:01.130100
12,Video,Mid-stance,00:15.751110,00:15.977130,00:00.226020,00:15.703125,00:01.156250,00:15.638100,00:01.130100
12,Video,Terminal stance,00:15.977130,00:16.203150,00:00.226020,00:15.703125,00:01.156250,00:15.638100,00:01.130100
12,Video,Pre-swing,00:16.203150,00:16.316160,00:00.113010,00:15.703125,00:01.156250,00:15.638100,00:01.130100
12,Video,Toe-off,00:16.316160,00:16.463073,00:00.146913,00:15.703125,00:01.156250,00:15.638100,00:01.130100
12,Video,Mid-swing,00:16.463073,00:16.621286,00:00.158214,00:15.703125,00:01.156250,00:15.638100,00:01.130100
12,Video,Terminal swing,00:16.621286,00:16.768200,00:00.146913,00:15.703125,00:01.156250,00:15.638100,00:01.130100
15,CSV,Heel strike - Loading response,00:19.687500,00:19.815625,00:00.128124,00:19.687500,00:01.281250,00:19.476700,00:01.390299
15,CSV,Mid-stance,00:19.815625,00:20.071874,00:00.256249,00:19.687500,00:01.281250,00:19.476700,00:01.390299
15,CSV,Terminal stance,00:20.071874,00:20.328125,00:00.256249,00:19.687500,00:01.281250,00:19.476700,00:01.390299
15,CSV,Pre-swing,00:20.328125,00:20.456250,00:00.128124,00:19.687500,00:01.281250,00:19.476700,00:01.390299
15,CSV,Toe-off,00:20.456250,00:20.622813,00:00.166563,00:19.687500,00:01.281250,00:19.476700,00:01.390299
15,CSV,Mid-swing,00:20.622813,00:20.802188,00:00.179375,00:19.687500,00:01.281250,00:19.476700,00:01.390299
15,CSV,Terminal swing,00:20.802188,00:20.968751,00:00.166563,00:19.687500,00:01.281250,00:19.476700,00:01.390299
15,Video,Heel strike - Loading response,00:19.476700,00:19.615729,00:00.139030,00:19.687500,00:01.281250,00:19.476700,00:01.390299
15,Video,Mid-stance,00:19.615729,00:19.893789,00:00.278060,00:19.687500,00:01.281250,00:19.476700,00:01.390299
15,Video,Terminal stance,00:19.893789,00:20.171849,00:00.278060,00:19.687500,00:01.281250,00:19.476700,00:01.390299
15,Video,Pre-swing,00:20.171849,00:20.310880,00:00.139030,00:19.687500,00:01.281250,00:19.476700,00:01.390299
15,Video,Toe-off,00:20.310880,00:20.491619,00:00.180739,00:19.687500,00:01.281250,00:19.476700,00:01.390299
15,Video,Mid-swing,00:20.491619,00:20.686261,00:00.194642,00:19.687500,00:01.281250,00:19.476700,00:01.390299
15,Video,Terminal swing,00:20.686261,00:20.867000,00:00.180739,00:19.687500,00:01.281250,00:19.476700,00:01.390299
16,CSV,Heel strike - Loading response,00:20.968750,00:21.093750,00:00.125000,00:20.968750,00:01.250000,00:20.867000,00:01.266900
16,CSV,Mid-stance,00:21.093750,00:21.343750,00:00.250000,00:20.968750,00:01.250000,00:20.867000,00:01.266900
16,CSV,Terminal stance,00:21.343750,00:21.593750,00:00.250000,00:20.968750,00:01.250000,00:20.867000,00:01.266900
16,CSV,Pre-swing,00:21.593750,00:21.718750,00:00.125000,00:20.968750,00:01.250000,00:20.867000,00:01.266900
16,CSV,Toe-off,00:21.718750,00:21.881250,00:00.162500,00:20.968750,00:01.250000,00:20.867000,00:01.266900
16,CSV,Mid-swing,00:21.881250,00:22.056249,00:00.175000,00:20.968750,00:01.250000,00:20.867000,00:01.266900
16,CSV,Terminal swing,00:22.056249,00:22.218750,00:00.162500,00:20.968750,00:01.250000,00:20.867000,00:01.266900
16,Video,Heel strike - Loading response,00:20.867000,00:20.993690,00:00.126690,00:20.968750,00:01.250000,00:20.867000,00:01.266900
16,Video,Mid-stance,00:20.993690,00:21.247070,00:00.253380,00:20.968750,00:01.250000,00:20.867000,00:01.266900
16,Video,Terminal stance,00:21.247070,00:21.500450,00:00.253380,00:20.968750,00:01.250000,00:20.867000,00:01.266900
16,Video,Pre-swing,00:21.500450,00:21.627140,00:00.126690,00:20.968750,00:01.250000,00:20.867000,00:01.266900
16,Video,Toe-off,00:21.627140,00:21.791837,00:00.164697,00:20.968750,00:01.250000,00:20.867000,00:01.266900
16,Video,Mid-swing,00:21.791837,00:21.969203,00:00.177366,00:20.968750,00:01.250000,00:20.867000,00:01.266900
16,Video,Terminal swing,00:21.969203,00:22.133900,00:00.164697,00:20.968750,00:01.250000,00:20.867000,00:01.266900
17,CSV,Heel strike - Loading response,00:22.218750,00:22.342188,00:00.123438,00:22.218750,00:01.234375,00:22.133900,00:01.241000
17,CSV,Mid-stance,00:22.342188,00:22.589062,00:00.246875,00:22.218750,00:01.234375,00:22.133900,00:01.241000
17,CSV,Terminal stance,00:22.589062,00:22.835937,00:00.246875,00:22.218750,00:01.234375,00:22.133900,00:01.241000
17,CSV,Pre-swing,00:22.835937,00:22.959375,00:00.123438,00:22.218750,00:01.234375,00:22.133900,00:01.241000
17,CSV,Toe-off,00:22.959375,00:23.119845,00:00.160469,00:22.218750,00:01.234375,00:22.133900,00:01.241000
17,CSV,Mid-swing,00:23.119845,00:23.292657,00:00.172813,00:22.218750,00:01.234375,00:22.133900,00:01.241000
17,CSV,Terminal swing,00:23.292657,00:23.453126,00:00.160469,00:22.218750,00:01.234375,00:22.133900,00:01.241000
17,Video,Heel strike - Loading response,00:22.133900,00:22.257999,00:00.124100,00:22.218750,00:01.234375,00:22.133900,00:01.241000
17,Video,Mid-stance,00:22.257999,00:22.506199,00:00.248200,00:22.218750,00:01.234375,00:22.133900,00:01.241000
17,Video,Terminal stance,00:22.506199,00:22.754400,00:00.248200,00:22.218750,00:01.234375,00:22.133900,00:01.241000
17,Video,Pre-swing,00:22.754400,00:22.878499,00:00.124100,00:22.218750,00:01.234375,00:22.133900,00:01.241000
17,Video,Toe-off,00:22.878499,00:23.039829,00:00.161330,00:22.218750,00:01.234375,00:22.133900,00:01.241000
17,Video,Mid-swing,00:23.039829,00:23.213570,00:00.173740,00:22.218750,00:01.234375,00:22.133900,00:01.241000
17,Video,Terminal swing,00:23.213570,00:23.374900,00:00.161330,00:22.218750,00:01.234375,00:22.133900,00:01.241000
19,CSV,Heel strike - Loading response,00:26.203125,00:26.320312,00:00.117188,00:26.203125,00:01.171875,00:26.068700,00:01.204300
19,CSV,Mid-stance,00:26.320312,00:26.554687,00:00.234375,00:26.203125,00:01.171875,00:26.068700,00:01.204300
19,CSV,Terminal stance,00:26.554687,00:26.789062,00:00.234375,00:26.203125,00:01.171875,00:26.068700,00:01.204300
19,CSV,Pre-swing,00:26.789062,00:26.906251,00:00.117188,00:26.203125,00:01.171875,00:26.068700,00:01.204300
19,CSV,Toe-off,00:26.906251,00:27.058595,00:00.152344,00:26.203125,00:01.171875,00:26.068700,00:01.204300
19,CSV,Mid-swing,00:27.058595,00:27.222657,00:00.164063,00:26.203125,00:01.171875,00:26.068700,00:01.204300
19,CSV,Terminal swing,00:27.222657,00:27.375001,00:00.152344,00:26.203125,00:01.171875,00:26.068700,00:01.204300
19,Video,Heel strike - Loading response,00:26.068699,00:26.189129,00:00.120430,00:26.203125,00:01.171875,00:26.068700,00:01.204300
19,Video,Mid-stance,00:26.189129,00:26.429990,00:00.240860,00:26.203125,00:01.171875,00:26.068700,00:01.204300
19,Video,Terminal stance,00:26.429990,00:26.670850,00:00.240860,00:26.203125,00:01.171875,00:26.068700,00:01.204300
19,Video,Pre-swing,00:26.670850,00:26.791280,00:00.120430,00:26.203125,00:01.171875,00:26.068700,00:01.204300
19,Video,Toe-off,00:26.791280,00:26.947838,00:00.156559,00:26.203125,00:01.171875,00:26.068700,00:01.204300
19,Video,Mid-swing,00:26.947838,00:27.116440,00:00.168602,00:26.203125,00:01.171875,00:26.068700,00:01.204300
19,Video,Terminal swing,00:27.116440,00:27.272999,00:00.156559,00:26.203125,00:01.171875,00:26.068700,00:01.204300
20,CSV,Heel strike - Loading response,00:27.375000,00:27.496874,00:00.121875,00:27.375000,00:01.218750,00:27.273000,00:01.194000
20,CSV,Mid-stance,00:27.496874,00:27.740625,00:00.243750,00:27.375000,00:01.218750,00:27.273000,00:01.194000
20,CSV,Terminal stance,00:27.740625,00:27.984375,00:00.243750,00:27.375000,00:01.218750,00:27.273000,00:01.194000
20,CSV,Pre-swing,00:27.984375,00:28.106249,00:00.121875,00:27.375000,00:01.218750,00:27.273000,00:01.194000
20,CSV,Toe-off,00:28.106249,00:28.264687,00:00.158438,00:27.375000,00:01.218750,00:27.273000,00:01.194000
20,CSV,Mid-swing,00:28.264687,00:28.435313,00:00.170625,00:27.375000,00:01.218750,00:27.273000,00:01.194000
20,CSV,Terminal swing,00:28.435313,00:28.593751,00:00.158438,00:27.375000,00:01.218750,00:27.273000,00:01.194000
20,Video,Heel strike - Loading response,00:27.272999,00:27.392399,00:00.119400,00:27.375000,00:01.218750,00:27.273000,00:01.194000
20,Video,Mid-stance,00:27.392399,00:27.631199,00:00.238800,00:27.375000,00:01.218750,00:27.273000,00:01.194000
20,Video,Terminal stance,00:27.631199,00:27.870000,00:00.238800,00:27.375000,00:01.218750,00:27.273000,00:01.194000
20,Video,Pre-swing,00:27.870000,00:27.989399,00:00.119400,00:27.375000,00:01.218750,00:27.273000,00:01.194000
20,Video,Toe-off,00:27.989399,00:28.144619,00:00.155220,00:27.375000,00:01.218750,00:27.273000,00:01.194000
20,Video,Mid-swing,00:28.144619,00:28.311779,00:00.167160,00:27.375000,00:01.218750,00:27.273000,00:01.194000
20,Video,Terminal swing,00:28.311779,00:28.466999,00:00.155220,00:27.375000,00:01.218750,00:27.273000,00:01.194000
22,CSV,Heel strike - Loading response,00:29.937500,00:30.081250,00:00.143750,00:29.937500,00:01.437500,00:29.785200,00:01.366900
22,CSV,Mid-stance,00:30.081250,00:30.368749,00:00.287500,00:29.937500,00:01.437500,00:29.785200,00:01.366900
22,CSV,Terminal stance,00:30.368749,00:30.656250,00:00.287500,00:29.937500,00:01.437500,00:29.785200,00:01.366900
22,CSV,Pre-swing,00:30.656250,00:30.800000,00:00.143750,00:29.937500,00:01.437500,00:29.785200,00:01.366900
22,CSV,Toe-off,00:30.800000,00:30.986875,00:00.186875,00:29.937500,00:01.437500,00:29.785200,00:01.366900
22,CSV,Mid-swing,00:30.986875,00:31.188124,00:00.201250,00:29.937500,00:01.437500,00:29.785200,00:01.366900
22,CSV,Terminal swing,00:31.188124,00:31.375000,00:00.186875,00:29.937500,00:01.437500,00:29.785200,00:01.366900
22,Video,Heel strike - Loading response,00:29.785199,00:29.921890,00:00.136690,00:29.937500,00:01.437500,00:29.785200,00:01.366900
22,Video,Mid-stance,00:29.921890,00:30.195270,00:00.273380,00:29.937500,00:01.437500,00:29.785200,00:01.366900
22,Video,Terminal stance,00:30.195270,00:30.468650,00:00.273380,00:29.937500,00:01.437500,00:29.785200,00:01.366900
22,Video,Pre-swing,00:30.468650,00:30.605339,00:00.136690,00:29.937500,00:01.437500,00:29.785200,00:01.366900
22,Video,Toe-off,00:30.605339,00:30.783037,00:00.177697,00:29.937500,00:01.437500,00:29.785200,00:01.366900
22,Video,Mid-swing,00:30.783037,00:30.974402,00:00.191366,00:29.937500,00:01.437500,00:29.785200,00:01.366900
22,Video,Terminal swing,00:30.974402,00:31.152100,00:00.177697,00:29.937500,00:01.437500,00:29.785200,00:01.366900
23,CSV,Heel strike - Loading response,00:31.375000,00:31.495312,00:00.120313,00:31.375000,00:01.203125,00:31.152100,00:01.350500
23,CSV,Mid-stance,00:31.495312,00:31.735938,00:00.240625,00:31.375000,00:01.203125,00:31.152100,00:01.350500
23,CSV,Terminal stance,00:31.735938,00:31.976562,00:00.240625,00:31.375000,00:01.203125,00:31.152100,00:01.350500
23,CSV,Pre-swing,00:31.976562,00:32.096876,00:00.120313,00:31.375000,00:01.203125,00:31.152100,00:01.350500
23,CSV,Toe-off,00:32.096876,00:32.253281,00:00.156406,00:31.375000,00:01.203125,00:31.152100,00:01.350500
23,CSV,Mid-swing,00:32.253281,00:32.421720,00:00.168438,00:31.375000,00:01.203125,00:31.152100,00:01.350500
23,CSV,Terminal swing,00:32.421720,00:32.578125,00:00.156406,00:31.375000,00:01.203125,00:31.152100,00:01.350500
23,Video,Heel strike - Loading response,00:31.152100,00:31.287150,00:00.135050,00:31.375000,00:01.203125,00:31.152100,00:01.350500
23,Video,Mid-stance,00:31.287150,00:31.557249,00:00.270100,00:31.375000,00:01.203125,00:31.152100,00:01.350500
23,Video,Terminal stance,00:31.557249,00:31.827349,00:00.270100,00:31.375000,00:01.203125,00:31.152100,00:01.350500
23,Video,Pre-swing,00:31.827349,00:31.962399,00:00.135050,00:31.375000,00:01.203125,00:31.152100,00:01.350500
23,Video,Toe-off,00:31.962399,00:32.137965,00:00.175565,00:31.375000,00:01.203125,00:31.152100,00:01.350500
23,Video,Mid-swing,00:32.137965,00:32.327035,00:00.189070,00:31.375000,00:01.203125,00:31.152100,00:01.350500
23,Video,Terminal swing,00:32.327035,00:32.502600,00:00.175565,00:31.375000,00:01.203125,00:31.152100,00:01.350500
24,CSV,Heel strike - Loading response,00:32.578125,00:32.706249,00:00.128124,00:32.578125,00:01.281250,00:32.502600,00:01.239400
24,CSV,Mid-stance,00:32.706249,00:32.962499,00:00.256249,00:32.578125,00:01.281250,00:32.502600,00:01.239400
24,CSV,Terminal stance,00:32.962499,00:33.218750,00:00.256249,00:32.578125,00:01.281250,00:32.502600,00:01.239400
24,CSV,Pre-swing,00:33.218750,00:33.346874,00:00.128124,00:32.578125,00:01.281250,00:32.502600,00:01.239400
24,CSV,Toe-off,00:33.346874,00:33.513438,00:00.166563,00:32.578125,00:01.281250,00:32.502600,00:01.239400
24,CSV,Mid-swing,00:33.513438,00:33.692813,00:00.179375,00:32.578125,00:01.281250,00:32.502600,00:01.239400
24,CSV,Terminal swing,00:33.692813,00:33.859375,00:00.166563,00:32.578125,00:01.281250,00:32.502600,00:01.239400
24,Video,Heel strike - Loading response,00:32.502600,00:32.626539,00:00.123940,00:32.578125,00:01.281250,00:32.502600,00:01.239400
24,Video,Mid-stance,00:32.626539,00:32.874420,00:00.247880,00:32.578125,00:01.281250,00:32.502600,00:01.239400
24,Video,Terminal stance,00:32.874420,00:33.122300,00:00.247880,00:32.578125,00:01.281250,00:32.502600,00:01.239400
24,Video,Pre-swing,00:33.122300,00:33.246240,00:00.123940,00:32.578125,00:01.281250,00:32.502600,00:01.239400
24,Video,Toe-off,00:33.246240,00:33.407361,00:00.161122,00:32.578125,00:01.281250,00:32.502600,00:01.239400
24,Video,Mid-swing,00:33.407361,00:33.580877,00:00.173516,00:32.578125,00:01.281250,00:32.502600,00:01.239400
24,Video,Terminal swing,00:33.580877,00:33.741999,00:00.161122,00:32.578125,00:01.281250,00:32.502600,00:01.239400
26,CSV,Heel strike - Loading response,00:38.015625,00:38.135938,00:00.120313,00:38.015625,00:01.203125,00:37.952000,00:01.213500
26,CSV,Mid-stance,00:38.135938,00:38.376562,00:00.240625,00:38.015625,00:01.203125,00:37.952000,00:01.213500
26,CSV,Terminal stance,00:38.376562,00:38.617187,00:00.240625,00:38.015625,00:01.203125,00:37.952000,00:01.213500
26,CSV,Pre-swing,00:38.617187,00:38.737501,00:00.120313,00:38.015625,00:01.203125,00:37.952000,00:01.213500
26,CSV,Toe-off,00:38.737501,00:38.893906,00:00.156406,00:38.015625,00:01.203125,00:37.952000,00:01.213500
26,CSV,Mid-swing,00:38.893906,00:39.062345,00:00.168438,00:38.015625,00:01.203125,00:37.952000,00:01.213500
26,CSV,Terminal swing,00:39.062345,00:39.218750,00:00.156406,00:38.015625,00:01.203125,00:37.952000,00:01.213500
26,Video,Heel strike - Loading response,00:37.951999,00:38.073349,00:00.121350,00:38.015625,00:01.203125,00:37.952000,00:01.213500
26,Video,Mid-stance,00:38.073349,00:38.316049,00:00.242700,00:38.015625,00:01.203125,00:37.952000,00:01.213500
26,Video,Terminal stance,00:38.316049,00:38.558750,00:00.242700,00:38.015625,00:01.203125,00:37.952000,00:01.213500
26,Video,Pre-swing,00:38.558750,00:38.680100,00:00.121350,00:38.015625,00:01.203125,00:37.952000,00:01.213500
26,Video,Toe-off,00:38.680100,00:38.837854,00:00.157755,00:38.015625,00:01.203125,00:37.952000,00:01.213500
26,Video,Mid-swing,00:38.837854,00:39.007744,00:00.169890,00:38.015625,00:01.203125,00:37.952000,00:01.213500
26,Video,Terminal swing,00:39.007744,00:39.165500,00:00.157755,00:38.015625,00:01.203125,00:37.952000,00:01.213500
27,CSV,Heel strike - Loading response,00:39.218750,00:39.339063,00:00.120313,00:39.218750,00:01.203125,00:39.165500,00:01.176499
27,CSV,Mid-stance,00:39.339063,00:39.579687,00:00.240625,00:39.218750,00:01.203125,00:39.165500,00:01.176499
27,CSV,Terminal stance,00:39.579687,00:39.820312,00:00.240625,00:39.218750,00:01.203125,00:39.165500,00:01.176499
27,CSV,Pre-swing,00:39.820312,00:39.940626,00:00.120313,00:39.218750,00:01.203125,00:39.165500,00:01.176499
27,CSV,Toe-off,00:39.940626,00:40.097031,00:00.156406,00:39.218750,00:01.203125,00:39.165500,00:01.176499
27,CSV,Mid-swing,00:40.097031,00:40.265470,00:00.168438,00:39.218750,00:01.203125,00:39.165500,00:01.176499
27,CSV,Terminal swing,00:40.265470,00:40.421875,00:00.156406,00:39.218750,00:01.203125,00:39.165500,00:01.176499
27,Video,Heel strike - Loading response,00:39.165500,00:39.283149,00:00.117650,00:39.218750,00:01.203125,00:39.165500,00:01.176499
27,Video,Mid-stance,00:39.283149,00:39.518450,00:00.235300,00:39.218750,00:01.203125,00:39.165500,00:01.176499
27,Video,Terminal stance,00:39.518450,00:39.753749,00:00.235300,00:39.218750,00:01.203125,00:39.165500,00:01.176499
27,Video,Pre-swing,00:39.753749,00:39.871400,00:00.117650,00:39.218750,00:01.203125,00:39.165500,00:01.176499
27,Video,Toe-off,00:39.871400,00:40.024344,00:00.152945,00:39.218750,00:01.203125,00:39.165500,00:01.176499
27,Video,Mid-swing,00:40.024344,00:40.189055,00:00.164710,00:39.218750,00:01.203125,00:39.165500,00:01.176499
27,Video,Terminal swing,00:40.189055,00:40.341999,00:00.152945,00:39.218750,00:01.203125,00:39.165500,00:01.176499
30,CSV,Heel strike - Loading response,00:43.375000,00:43.490625,00:00.115625,00:43.375000,00:01.156250,00:43.054500,00:01.398200
30,CSV,Mid-stance,00:43.490625,00:43.721874,00:00.231250,00:43.375000,00:01.156250,00:43.054500,00:01.398200
30,CSV,Terminal stance,00:43.721874,00:43.953125,00:00.231250,00:43.375000,00:01.156250,00:43.054500,00:01.398200
30,CSV,Pre-swing,00:43.953125,00:44.068750,00:00.115625,00:43.375000,00:01.156250,00:43.054500,00:01.398200
30,CSV,Toe-off,00:44.068750,00:44.219062,00:00.150313,00:43.375000,00:01.156250,00:43.054500,00:01.398200
30,CSV,Mid-swing,00:44.219062,00:44.380938,00:00.161875,00:43.375000,00:01.156250,00:43.054500,00:01.398200
30,CSV,Terminal swing,00:44.380938,00:44.531250,00:00.150313,00:43.375000,00:01.156250,00:43.054500,00:01.398200
30,Video,Heel strike - Loading response,00:43.054499,00:43.194319,00:00.139820,00:43.375000,00:01.156250,00:43.054500,00:01.398200
30,Video,Mid-stance,00:43.194319,00:43.473959,00:00.279640,00:43.375000,00:01.156250,00:43.054500,00:01.398200
30,Video,Terminal stance,00:43.473959,00:43.753599,00:00.279640,00:43.375000,00:01.156250,00:43.054500,00:01.398200
30,Video,Pre-swing,00:43.753599,00:43.893419,00:00.139820,00:43.375000,00:01.156250,00:43.054500,00:01.398200
30,Video,Toe-off,00:43.893419,00:44.075186,00:00.181766,00:43.375000,00:01.156250,00:43.054500,00:01.398200
30,Video,Mid-swing,00:44.075186,00:44.270933,00:00.195748,00:43.375000,00:01.156250,00:43.054500,00:01.398200
30,Video,Terminal swing,00:44.270933,00:44.452700,00:00.181766,00:43.375000,00:01.156250,00:43.054500,00:01.398200
31,CSV,Heel strike - Loading response,00:44.531250,00:44.656250,00:00.125000,00:44.531250,00:01.250000,00:44.452700,00:01.242700
31,CSV,Mid-stance,00:44.656250,00:44.906250,00:00.250000,00:44.531250,00:01.250000,00:44.452700,00:01.242700
31,CSV,Terminal stance,00:44.906250,00:45.156250,00:00.250000,00:44.531250,00:01.250000,00:44.452700,00:01.242700
31,CSV,Pre-swing,00:45.156250,00:45.281250,00:00.125000,00:44.531250,00:01.250000,00:44.452700,00:01.242700
31,CSV,Toe-off,00:45.281250,00:45.443750,00:00.162500,00:44.531250,00:01.250000,00:44.452700,00:01.242700
31,CSV,Mid-swing,00:45.443750,00:45.618749,00:00.175000,00:44.531250,00:01.250000,00:44.452700,00:01.242700
31,CSV,Terminal swing,00:45.618749,00:45.781250,00:00.162500,00:44.531250,00:01.250000,00:44.452700,00:01.242700
31,Video,Heel strike - Loading response,00:44.452700,00:44.576970,00:00.124270,00:44.531250,00:01.250000,00:44.452700,00:01.242700
31,Video,Mid-stance,00:44.576970,00:44.825510,00:00.248540,00:44.531250,00:01.250000,00:44.452700,00:01.242700
31,Video,Terminal stance,00:44.825510,00:45.074049,00:00.248540,00:44.531250,00:01.250000,00:44.452700,00:01.242700
31,Video,Pre-swing,00:45.074049,00:45.198320,00:00.124270,00:44.531250,00:01.250000,00:44.452700,00:01.242700
31,Video,Toe-off,00:45.198320,00:45.359870,00:00.161551,00:44.531250,00:01.250000,00:44.452700,00:01.242700
31,Video,Mid-swing,00:45.359870,00:45.533849,00:00.173978,00:44.531250,00:01.250000,00:44.452700,00:01.242700
31,Video,Terminal swing,00:45.533849,00:45.695399,00:00.161551,00:44.531250,00:01.250000,00:44.452700,00:01.242700
32,CSV,Heel strike - Loading response,00:45.781250,00:45.904688,00:00.123438,00:45.781250,00:01.234375,00:45.695400,00:01.243400
32,CSV,Mid-stance,00:45.904688,00:46.151563,00:00.246875,00:45.781250,00:01.234375,00:45.695400,00:01.243400
32,CSV,Terminal stance,00:46.151563,00:46.398437,00:00.246875,00:45.781250,00:01.234375,00:45.695400,00:01.243400
32,CSV,Pre-swing,00:46.398437,00:46.521875,00:00.123438,00:45.781250,00:01.234375,00:45.695400,00:01.243400
32,CSV,Toe-off,00:46.521875,00:46.682344,00:00.160469,00:45.781250,00:01.234375,00:45.695400,00:01.243400
32,CSV,Mid-swing,00:46.682344,00:46.855158,00:00.172813,00:45.781250,00:01.234375,00:45.695400,00:01.243400
32,CSV,Terminal swing,00:46.855158,00:47.015627,00:00.160469,00:45.781250,00:01.234375,00:45.695400,00:01.243400
32,Video,Heel strike - Loading response,00:45.695399,00:45.819740,00:00.124340,00:45.781250,00:01.234375,00:45.695400,00:01.243400
32,Video,Mid-stance,00:45.819740,00:46.068420,00:00.248680,00:45.781250,00:01.234375,00:45.695400,00:01.243400
32,Video,Terminal stance,00:46.068420,00:46.317100,00:00.248680,00:45.781250,00:01.234375,00:45.695400,00:01.243400
32,Video,Pre-swing,00:46.317100,00:46.441440,00:00.124340,00:45.781250,00:01.234375,00:45.695400,00:01.243400
32,Video,Toe-off,00:46.441440,00:46.603082,00:00.161642,00:45.781250,00:01.234375,00:45.695400,00:01.243400
32,Video,Mid-swing,00:46.603082,00:46.777158,00:00.174076,00:45.781250,00:01.234375,00:45.695400,00:01.243400
32,Video,Terminal swing,00:46.777158,00:46.938800,00:00.161642,00:45.781250,00:01.234375,00:45.695400,00:01.243400
34,CSV,Heel strike - Loading response,00:50.265625,00:50.384374,00:00.118750,00:50.265625,00:01.187500,00:49.995000,00:01.335799
34,CSV,Mid-stance,00:50.384374,00:50.621875,00:00.237500,00:50.265625,00:01.187500,00:49.995000,00:01.335799
34,CSV,Terminal stance,00:50.621875,00:50.859375,00:00.237500,00:50.265625,00:01.187500,00:49.995000,00:01.335799
34,CSV,Pre-swing,00:50.859375,00:50.978124,00:00.118750,00:50.265625,00:01.187500,00:49.995000,00:01.335799
34,CSV,Toe-off,00:50.978124,00:51.132500,00:00.154375,00:50.265625,00:01.187500,00:49.995000,00:01.335799
34,CSV,Mid-swing,00:51.132500,00:51.298749,00:00.166250,00:50.265625,00:01.187500,00:49.995000,00:01.335799
34,CSV,Terminal swing,00:51.298749,00:51.453125,00:00.154375,00:50.265625,00:01.187500,00:49.995000,00:01.335799
34,Video,Heel strike - Loading response,00:49.994999,00:50.128579,00:00.133580,00:50.265625,00:01.187500,00:49.995000,00:01.335799
34,Video,Mid-stance,00:50.128579,00:50.395740,00:00.267160,00:50.265625,00:01.187500,00:49.995000,00:01.335799
34,Video,Terminal stance,00:50.395740,00:50.662900,00:00.267160,00:50.265625,00:01.187500,00:49.995000,00:01.335799
34,Video,Pre-swing,00:50.662900,00:50.796480,00:00.133580,00:50.265625,00:01.187500,00:49.995000,00:01.335799
34,Video,Toe-off,00:50.796480,00:50.970134,00:00.173654,00:50.265625,00:01.187500,00:49.995000,00:01.335799
34,Video,Mid-swing,00:50.970134,00:51.157145,00:00.187012,00:50.265625,00:01.187500,00:49.995000,00:01.335799
34,Video,Terminal swing,00:51.157145,00:51.330799,00:00.173654,00:50.265625,00:01.187500,00:49.995000,00:01.335799
35,CSV,Heel strike - Loading response,00:51.453125,00:51.581249,00:00.128124,00:51.453125,00:01.281250,00:51.330800,00:01.232100
35,CSV,Mid-stance,00:51.581249,00:51.837499,00:00.256249,00:51.453125,00:01.281250,00:51.330800,00:01.232100
35,CSV,Terminal stance,00:51.837499,00:52.093750,00:00.256249,00:51.453125,00:01.281250,00:51.330800,00:01.232100
35,CSV,Pre-swing,00:52.093750,00:52.221874,00:00.128124,00:51.453125,00:01.281250,00:51.330800,00:01.232100
35,CSV,Toe-off,00:52.221874,00:52.388438,00:00.166563,00:51.453125,00:01.281250,00:51.330800,00:01.232100
35,CSV,Mid-swing,00:52.388438,00:52.567813,00:00.179375,00:51.453125,00:01.281250,00:51.330800,00:01.232100
35,CSV,Terminal swing,00:52.567813,00:52.734375,00:00.166563,00:51.453125,00:01.281250,00:51.330800,00:01.232100
35,Video,Heel strike - Loading response,00:51.330799,00:51.454009,00:00.123210,00:51.453125,00:01.281250,00:51.330800,00:01.232100
35,Video,Mid-stance,00:51.454009,00:51.700429,00:00.246420,00:51.453125,00:01.281250,00:51.330800,00:01.232100
35,Video,Terminal stance,00:51.700429,00:51.946849,00:00.246420,00:51.453125,00:01.281250,00:51.330800,00:01.232100
35,Video,Pre-swing,00:51.946849,00:52.070059,00:00.123210,00:51.453125,00:01.281250,00:51.330800,00:01.232100
35,Video,Toe-off,00:52.070059,00:52.230232,00:00.160173,00:51.453125,00:01.281250,00:51.330800,00:01.232100
35,Video,Mid-swing,00:52.230232,00:52.402726,00:00.172494,00:51.453125,00:01.281250,00:51.330800,00:01.232100
35,Video,Terminal swing,00:52.402726,00:52.562899,00:00.160173,00:51.453125,00:01.281250,00:51.330800,00:01.232100
38,CSV,Heel strike - Loading response,00:55.765625,00:55.909374,00:00.143750,00:55.765625,00:01.437500,00:55.398700,00:01.555600
38,CSV,Mid-stance,00:55.909374,00:56.196874,00:00.287500,00:55.765625,00:01.437500,00:55.398700,00:01.555600
38,CSV,Terminal stance,00:56.196874,00:56.484375,00:00.287500,00:55.765625,00:01.437500,00:55.398700,00:01.555600
38,CSV,Pre-swing,00:56.484375,00:56.628124,00:00.143750,00:55.765625,00:01.437500,00:55.398700,00:01.555600
38,CSV,Toe-off,00:56.628124,00:56.814999,00:00.186875,00:55.765625,00:01.437500,00:55.398700,00:01.555600
38,CSV,Mid-swing,00:56.814999,00:57.016249,00:00.201250,00:55.765625,00:01.437500,00:55.398700,00:01.555600
38,CSV,Terminal swing,00:57.016249,00:57.203125,00:00.186875,00:55.765625,00:01.437500,00:55.398700,00:01.555600
38,Video,Heel strike - Loading response,00:55.398699,00:55.554259,00:00.155560,00:55.765625,00:01.437500,00:55.398700,00:01.555600
38,Video,Mid-stance,00:55.554259,00:55.865380,00:00.311120,00:55.765625,00:01.437500,00:55.398700,00:01.555600
38,Video,Terminal stance,00:55.865380,00:56.176499,00:00.311120,00:55.765625,00:01.437500,00:55.398700,00:01.555600
38,Video,Pre-swing,00:56.176499,00:56.332059,00:00.155560,00:55.765625,00:01.437500,00:55.398700,00:01.555600
38,Video,Toe-off,00:56.332059,00:56.534287,00:00.202228,00:55.765625,00:01.437500,00:55.398700,00:01.555600
38,Video,Mid-swing,00:56.534287,00:56.752071,00:00.217784,00:55.765625,00:01.437500,00:55.398700,00:01.555600
38,Video,Terminal swing,00:56.752071,00:56.954300,00:00.202228,00:55.765625,00:01.437500,00:55.398700,00:01.555600
39,CSV,Heel strike - Loading response,00:57.203125,00:57.317188,00:00.114063,00:57.203125,00:01.140625,00:56.954300,00:01.265500
39,CSV,Mid-stance,00:57.317188,00:57.545313,00:00.228125,00:57.203125,00:01.140625,00:56.954300,00:01.265500
39,CSV,Terminal stance,00:57.545313,00:57.773437,00:00.228125,00:57.203125,00:01.140625,00:56.954300,00:01.265500
39,CSV,Pre-swing,00:57.773437,00:57.887501,00:00.114063,00:57.203125,00:01.140625,00:56.954300,00:01.265500
39,CSV,Toe-off,00:57.887501,00:58.035781,00:00.148281,00:57.203125,00:01.140625,00:56.954300,00:01.265500
39,CSV,Mid-swing,00:58.035781,00:58.195470,00:00.159688,00:57.203125,00:01.140625,00:56.954300,00:01.265500
39,CSV,Terminal swing,00:58.195470,00:58.343750,00:00.148281,00:57.203125,00:01.140625,00:56.954300,00:01.265500
39,Video,Heel strike - Loading response,00:56.954300,00:57.080849,00:00.126550,00:57.203125,00:01.140625,00:56.954300,00:01.265500
39,Video,Mid-stance,00:57.080849,00:57.333950,00:00.253100,00:57.203125,00:01.140625,00:56.954300,00:01.265500
39,Video,Terminal stance,00:57.333950,00:57.587049,00:00.253100,00:57.203125,00:01.140625,00:56.954300,00:01.265500
39,Video,Pre-swing,00:57.587049,00:57.713599,00:00.126550,00:57.203125,00:01.140625,00:56.954300,00:01.265500
39,Video,Toe-off,00:57.713599,00:57.878115,00:00.164515,00:57.203125,00:01.140625,00:56.954300,00:01.265500
39,Video,Mid-swing,00:57.878115,00:58.055284,00:00.177170,00:57.203125,00:01.140625,00:56.954300,00:01.265500
39,Video,Terminal swing,00:58.055284,00:58.219799,00:00.164515,00:57.203125,00:01.140625,00:56.954300,00:01.265500
40,CSV,Heel strike - Loading response,00:58.343750,00:58.475000,00:00.131250,00:58.343750,00:01.312500,00:58.219800,00:01.336200
40,CSV,Mid-stance,00:58.475000,00:58.737499,00:00.262500,00:58.343750,00:01.312500,00:58.219800,00:01.336200
40,CSV,Terminal stance,00:58.737499,00:59.000000,00:00.262500,00:58.343750,00:01.312500,00:58.219800,00:01.336200
40,CSV,Pre-swing,00:59.000000,00:59.131250,00:00.131250,00:58.343750,00:01.312500,00:58.219800,00:01.336200
40,CSV,Toe-off,00:59.131250,00:59.301875,00:00.170625,00:58.343750,00:01.312500,00:58.219800,00:01.336200
40,CSV,Mid-swing,00:59.301875,00:59.485624,00:00.183750,00:58.343750,00:01.312500,00:58.219800,00:01.336200
40,CSV,Terminal swing,00:59.485624,00:59.656250,00:00.170625,00:58.343750,00:01.312500,00:58.219800,00:01.336200
40,Video,Heel strike - Loading response,00:58.219799,00:58.353419,00:00.133620,00:58.343750,00:01.312500,00:58.219800,00:01.336200
40,Video,Mid-stance,00:58.353419,00:58.620660,00:00.267240,00:58.343750,00:01.312500,00:58.219800,00:01.336200
40,Video,Terminal stance,00:58.620660,00:58.887900,00:00.267240,00:58.343750,00:01.312500,00:58.219800,00:01.336200
40,Video,Pre-swing,00:58.887900,00:59.021520,00:00.133620,00:58.343750,00:01.312500,00:58.219800,00:01.336200
40,Video,Toe-off,00:59.021520,00:59.195225,00:00.173706,00:58.343750,00:01.312500,00:58.219800,00:01.336200
40,Video,Mid-swing,00:59.195225,00:59.382294,00:00.187068,00:58.343750,00:01.312500,00:58.219800,00:01.336200
40,Video,Terminal swing,00:59.382294,00:59.555999,00:00.173706,00:58.343750,00:01.312500,00:58.219800,00:01.336200
42,CSV,Heel strike - Loading response,01:02.781250,01:02.914062,00:00.132813,01:02.781250,00:01.328125,01:02.690100,00:01.310330
42,CSV,Mid-stance,01:02.914062,01:03.179687,00:00.265625,01:02.781250,00:01.328125,01:02.690100,00:01.310330
42,CSV,Terminal stance,01:03.179687,01:03.445312,00:00.265625,01:02.781250,00:01.328125,01:02.690100,00:01.310330
42,CSV,Pre-swing,01:03.445312,01:03.578125,00:00.132813,01:02.781250,00:01.328125,01:02.690100,00:01.310330
42,CSV,Toe-off,01:03.578125,01:03.750782,00:00.172656,01:02.781250,00:01.328125,01:02.690100,00:01.310330
42,CSV,Mid-swing,01:03.750782,01:03.936720,00:00.185938,01:02.781250,00:01.328125,01:02.690100,00:01.310330
42,CSV,Terminal swing,01:03.936720,01:04.109375,00:00.172656,01:02.781250,00:01.328125,01:02.690100,00:01.310330
42,Video,Heel strike - Loading response,01:02.690100,01:02.821133,00:00.131033,01:02.781250,00:01.328125,01:02.690100,00:01.310330
42,Video,Mid-stance,01:02.821133,01:03.083199,00:00.262066,01:02.781250,00:01.328125,01:02.690100,00:01.310330
42,Video,Terminal stance,01:03.083199,01:03.345264,00:00.262066,01:02.781250,00:01.328125,01:02.690100,00:01.310330
42,Video,Pre-swing,01:03.345264,01:03.476297,00:00.131033,01:02.781250,00:01.328125,01:02.690100,00:01.310330
42,Video,Toe-off,01:03.476297,01:03.646641,00:00.170343,01:02.781250,00:01.328125,01:02.690100,00:01.310330
42,Video,Mid-swing,01:03.646641,01:03.830086,00:00.183446,01:02.781250,00:01.328125,01:02.690100,00:01.310330
42,Video,Terminal swing,01:03.830086,01:04.000429,00:00.170343,01:02.781250,00:01.328125,01:02.690100,00:01.310330
43,CSV,Heel strike - Loading response,01:04.109375,01:04.243750,00:00.134375,01:04.109375,00:01.343750,01:04.000430,00:01.242970
43,CSV,Mid-stance,01:04.243750,01:04.512500,00:00.268750,01:04.109375,00:01.343750,01:04.000430,00:01.242970
43,CSV,Terminal stance,01:04.512500,01:04.781250,00:00.268750,01:04.109375,00:01.343750,01:04.000430,00:01.242970
43,CSV,Pre-swing,01:04.781250,01:04.915625,00:00.134375,01:04.109375,00:01.343750,01:04.000430,00:01.242970
43,CSV,Toe-off,01:04.915625,01:05.090312,00:00.174688,01:04.109375,00:01.343750,01:04.000430,00:01.242970
43,CSV,Mid-swing,01:05.090312,01:05.278437,00:00.188125,01:04.109375,00:01.343750,01:04.000430,00:01.242970
43,CSV,Terminal swing,01:05.278437,01:05.453125,00:00.174688,01:04.109375,00:01.343750,01:04.000430,00:01.242970
43,Video,Heel strike - Loading response,01:04.000429,01:04.124726,00:00.124297,01:04.109375,00:01.343750,01:04.000430,00:01.242970
43,Video,Mid-stance,01:04.124726,01:04.373321,00:00.248594,01:04.109375,00:01.343750,01:04.000430,00:01.242970
43,Video,Terminal stance,01:04.373321,01:04.621915,00:00.248594,01:04.109375,00:01.343750,01:04.000430,00:01.242970
43,Video,Pre-swing,01:04.621915,01:04.746211,00:00.124297,01:04.109375,00:01.343750,01:04.000430,00:01.242970
43,Video,Toe-off,01:04.746211,01:04.907797,00:00.161586,01:04.109375,00:01.343750,01:04.000430,00:01.242970
43,Video,Mid-swing,01:04.907797,01:05.081813,00:00.174016,01:04.109375,00:01.343750,01:04.000430,00:01.242970
43,Video,Terminal swing,01:05.081813,01:05.243399,00:00.161586,01:04.109375,00:01.343750,01:04.000430,00:01.242970
44,CSV,Heel strike - Loading response,01:05.453125,01:05.582813,00:00.129688,01:05.453125,00:01.296875,01:05.243400,00:01.312800
44,CSV,Mid-stance,01:05.582813,01:05.842187,00:00.259375,01:05.453125,00:01.296875,01:05.243400,00:01.312800
44,CSV,Terminal stance,01:05.842187,01:06.101562,00:00.259375,01:05.453125,00:01.296875,01:05.243400,00:01.312800
44,CSV,Pre-swing,01:06.101562,01:06.231251,00:00.129688,01:05.453125,00:01.296875,01:05.243400,00:01.312800
44,CSV,Toe-off,01:06.231251,01:06.399844,00:00.168594,01:05.453125,00:01.296875,01:05.243400,00:01.312800
44,CSV,Mid-swing,01:06.399844,01:06.581407,00:00.181563,01:05.453125,00:01.296875,01:05.243400,00:01.312800
44,CSV,Terminal swing,01:06.581407,01:06.750001,00:00.168594,01:05.453125,00:01.296875,01:05.243400,00:01.312800
44,Video,Heel strike - Loading response,01:05.243399,01:05.374679,00:00.131280,01:05.453125,00:01.296875,01:05.243400,00:01.312800
44,Video,Mid-stance,01:05.374679,01:05.637240,00:00.262560,01:05.453125,00:01.296875,01:05.243400,00:01.312800
44,Video,Terminal stance,01:05.637240,01:05.899799,00:00.262560,01:05.453125,00:01.296875,01:05.243400,00:01.312800
44,Video,Pre-swing,01:05.899799,01:06.031080,00:00.131280,01:05.453125,00:01.296875,01:05.243400,00:01.312800
44,Video,Toe-off,01:06.031080,01:06.201744,00:00.170664,01:05.453125,00:01.296875,01:05.243400,00:01.312800
44,Video,Mid-swing,01:06.201744,01:06.385536,00:00.183792,01:05.453125,00:01.296875,01:05.243400,00:01.312800
44,Video,Terminal swing,01:06.385536,01:06.556200,00:00.170664,01:05.453125,00:01.296875,01:05.243400,00:01.312800
46,CSV,Heel strike - Loading response,01:08.421875,01:08.573437,00:00.151563,01:08.421875,00:01.515625,01:08.154700,00:01.588900
46,CSV,Mid-stance,01:08.573437,01:08.876563,00:00.303125,01:08.421875,00:01.515625,01:08.154700,00:01.588900
46,CSV,Terminal stance,01:08.876563,01:09.179687,00:00.303125,01:08.421875,00:01.515625,01:08.154700,00:01.588900
46,CSV,Pre-swing,01:09.179687,01:09.331250,00:00.151563,01:08.421875,00:01.515625,01:08.154700,00:01.588900
46,CSV,Toe-off,01:09.331250,01:09.528282,00:00.197031,01:08.421875,00:01.515625,01:08.154700,00:01.588900
46,CSV,Mid-swing,01:09.528282,01:09.740470,00:00.212188,01:08.421875,00:01.515625,01:08.154700,00:01.588900
46,CSV,Terminal swing,01:09.740470,01:09.937500,00:00.197031,01:08.421875,00:01.515625,01:08.154700,00:01.588900
46,Video,Heel strike - Loading response,01:08.154700,01:08.313590,00:00.158890,01:08.421875,00:01.515625,01:08.154700,00:01.588900
46,Video,Mid-stance,01:08.313590,01:08.631370,00:00.317780,01:08.421875,00:01.515625,01:08.154700,00:01.588900
46,Video,Terminal stance,01:08.631370,01:08.949150,00:00.317780,01:08.421875,00:01.515625,01:08.154700,00:01.588900
46,Video,Pre-swing,01:08.949150,01:09.108040,00:00.158890,01:08.421875,00:01.515625,01:08.154700,00:01.588900
46,Video,Toe-off,01:09.108040,01:09.314597,00:00.206557,01:08.421875,00:01.515625,01:08.154700,00:01.588900
46,Video,Mid-swing,01:09.314597,01:09.537042,00:00.222446,01:08.421875,00:01.515625,01:08.154700,00:01.588900
46,Video,Terminal swing,01:09.537042,01:09.743600,00:00.206557,01:08.421875,00:01.515625,01:08.154700,00:01.588900
47,CSV,Heel strike - Loading response,01:09.937500,01:10.059375,00:00.121875,01:09.937500,00:01.218750,01:09.743600,00:01.309699
47,CSV,Mid-stance,01:10.059375,01:10.303124,00:00.243750,01:09.937500,00:01.218750,01:09.743600,00:01.309699
47,CSV,Terminal stance,01:10.303124,01:10.546875,00:00.243750,01:09.937500,00:01.218750,01:09.743600,00:01.309699
47,CSV,Pre-swing,01:10.546875,01:10.668750,00:00.121875,01:09.937500,00:01.218750,01:09.743600,00:01.309699
47,CSV,Toe-off,01:10.668750,01:10.827188,00:00.158438,01:09.937500,00:01.218750,01:09.743600,00:01.309699
47,CSV,Mid-swing,01:10.827188,01:10.997812,00:00.170625,01:09.937500,00:01.218750,01:09.743600,00:01.309699
47,CSV,Terminal swing,01:10.997812,01:11.156250,00:00.158438,01:09.937500,00:01.218750,01:09.743600,00:01.309699
47,Video,Heel strike - Loading response,01:09.743600,01:09.874570,00:00.130970,01:09.937500,00:01.218750,01:09.743600,00:01.309699
47,Video,Mid-stance,01:09.874570,01:10.136510,00:00.261940,01:09.937500,00:01.218750,01:09.743600,00:01.309699
47,Video,Terminal stance,01:10.136510,01:10.398449,00:00.261940,01:09.937500,00:01.218750,01:09.743600,00:01.309699
47,Video,Pre-swing,01:10.398449,01:10.529420,00:00.130970,01:09.937500,00:01.218750,01:09.743600,00:01.309699
47,Video,Toe-off,01:10.529420,01:10.699680,00:00.170261,01:09.937500,00:01.218750,01:09.743600,00:01.309699
47,Video,Mid-swing,01:10.699680,01:10.883038,00:00.183358,01:09.937500,00:01.218750,01:09.743600,00:01.309699
47,Video,Terminal swing,01:10.883038,01:11.053299,00:00.170261,01:09.937500,00:01.218750,01:09.743600,00:01.309699
48,CSV,Heel strike - Loading response,01:11.156250,01:11.287499,00:00.131250,01:11.156250,00:01.312500,01:11.053300,00:01.333600
48,CSV,Mid-stance,01:11.287499,01:11.549999,00:00.262500,01:11.156250,00:01.312500,01:11.053300,00:01.333600
48,CSV,Terminal stance,01:11.549999,01:11.812500,00:00.262500,01:11.156250,00:01.312500,01:11.053300,00:01.333600
48,CSV,Pre-swing,01:11.812500,01:11.943749,00:00.131250,01:11.156250,00:01.312500,01:11.053300,00:01.333600
48,CSV,Toe-off,01:11.943749,01:12.114374,00:00.170625,01:11.156250,00:01.312500,01:11.053300,00:01.333600
48,CSV,Mid-swing,01:12.114374,01:12.298124,00:00.183750,01:11.156250,00:01.312500,01:11.053300,00:01.333600
48,CSV,Terminal swing,01:12.298124,01:12.468750,00:00.170625,01:11.156250,00:01.312500,01:11.053300,00:01.333600
48,Video,Heel strike - Loading response,01:11.053299,01:11.186660,00:00.133360,01:11.156250,00:01.312500,01:11.053300,00:01.333600
48,Video,Mid-stance,01:11.186660,01:11.453379,00:00.266720,01:11.156250,00:01.312500,01:11.053300,00:01.333600
48,Video,Terminal stance,01:11.453379,01:11.720100,00:00.266720,01:11.156250,00:01.312500,01:11.053300,00:01.333600
48,Video,Pre-swing,01:11.720100,01:11.853459,00:00.133360,01:11.156250,00:01.312500,01:11.053300,00:01.333600
48,Video,Toe-off,01:11.853459,01:12.026827,00:00.173368,01:11.156250,00:01.312500,01:11.053300,00:01.333600
48,Video,Mid-swing,01:12.026827,01:12.213532,00:00.186704,01:11.156250,00:01.312500,01:11.053300,00:01.333600
48,Video,Terminal swing,01:12.213532,01:12.386899,00:00.173368,01:11.156250,00:01.312500,01:11.053300,00:01.333600
