20,481,1033,322,1495,1855,1673,741,2285,2837,24,2664,248,302,1487,946,1267,168,1583,465,1263,823,285,1820,19,20,25,20,756,769,20,20,730,1842,8040,72,-211,-38,72.89100807614652,180.37876766657047,27736,00:00.750000
21,480,1032,327,1495,1857,1673,741,2288,2832,23,2671,249,301,1488,950,1270,168,1581,468,1265,823,291,1821,19,20,25,20,758,768,20,20,722,1843,8037,65,-194,-36,72.90669908157753,180.3788222582388,27765,00:00.765625
20,482,1031,320,1493,1853,1673,746,2285,2837,24,2671,249,301,1489,951,1268,172,1582,467,1260,824,286,1818,19,19,26,20,755,767,20,20,703,1826,8026,45,-137,-33,72.87424318869829,180.38523497188987,27748,00:00.781250
20,484,1034,325,1495,1855,1674,742,2284,2834,24,2662,249,302,1486,952,1271,169,1585,467,1261,826,285,1823,19,19,25,20,756,768,20,20,706,1819,8030,61,-174,-28,72.91974708171206,180.31522913964548,27756,00:00.796875
20,480,1029,323,1495,1851,1670,742,2284,2836,24,2662,247,301,1481,945,1270,170,1586,471,1265,826,290,1825,19,19,25,20,757,770,20,20,706,1819,8030,61,-174,-28,72.96262120174458,180.2840536351512,27743,00:00.812500
20,484,1037,327,1495,1853,1675,745,2283,2836,23,2664,245,297,1480,944,1273,169,1587,471,1266,829,291,1825,19,19,25,19,753,768,20,20,716,1801,8049,84,-256,-41,72.9801527267488,180.0894388012391,27762,00:00.828125
20,483,1040,324,1494,1857,1677,746,2287,2831,23,2664,245,295,1485,943,1272,167,1584,471,1265,830,291,1825,19,20,25,19,756,766,20,20,720,1858,8040,80,-214,-37,72.97095159198963,180.1358593862556,27764,00:00.843750
20,486,1045,326,1500,1860,1681,751,2290,2842,24,2665,244,291,1490,945,1274,168,1587,471,1270,831,286,1820,19,19,25,20,752,766,20,20,703,1816,8078,77,-207,-31,72.92602848101266,180.00400963751437,27808,00:00.859375
20,487,1049,319,1498,1864,1681,752,2286,2835,24,2675,244,288,1490,942,1272,169,1588,469,1269,831,281,1823,19,19,25,19,749,765,20,20,694,1815,8091,73,-210,-24,72.92792890040299,179.97105282095566,27792,00:00.875000
20,489,1051,325,1500,1864,1684,752,2290,2830,24,2671,245,289,1489,941,1274,170,1579,468,1273,831,274,1826,19,19,24,20,748,762,20,20,694,1815,8091,73,-210,-24,72.92364434529163,179.89503796193011,27791,00:00.890625
20,491,1054,325,1500,1865,1684,753,2290,2824,23,2670,245,289,1497,943,1272,175,1581,467,1272,833,266,1819,19,19,25,19,747,763,20,20,721,1771,8062,75,-187,-23,72.90012594458439,179.9121626484347,27790,00:00.906250
21,491,1055,333,1501,1863,1687,756,2296,2834,24,2674,246,292,1504,953,1267,174,1586,467,1272,830,262,1813,19,19,25,20,748,763,20,20,729,1805,8058,82,-161,-29,72.80393389617389,180.00357463624934,27835,00:00.921875
20,496,1057,333,1498,1861,1671,760,2304,2826,24,2670,249,297,1516,964,1266,174,1584,465,1265,826,267,1801,19,19,25,20,754,765,20,20,738,1818,8062,109,-200,-48,72.70444747808594,180.2634358384825,27836,00:00.937500
20,499,1061,335,1492,1862,1666,756,2301,2827,24,2676,257,307,1536,984,1262,171,1581,462,1260,816,253,1789,19,19,28,20,763,769,20,20,717,1805,8024,97,-102,-51,72.52825345539401,180.7605636331,27855,00:00.953125
21,501,1070,340,1479,1858,1644,750,2319,2831,24,2673,267,319,1576,1020,1250,167,1562,460,1242,805,250,1753,19,20,38,20,790,776,20,20,714,1792,8010,144,-30,-72,72.18263161669775,181.79846865586,27884,00:00.968750
20,507,1070,338,1468,1848,1615,764,2335,2852,23,2700,281,349,1627,1077,1235,153,1540,440,1223,783,238,1693,19,20,55,20,817,785,20,20,714,1792,8010,144,-30,-72,71.51428315732952,183.4508322892429,27935,00:00.984375
21,513,1066,347,1447,1829,1573,773,2365,2875,24,2713,303,389,1682,1148,1212,115,1515,430,1197,762,244,1628,19,19,97,20,850,797,20,20,713,1796,8060,207,31,-118,70.78686681183736,185.6525720201335,28013,00:01.000000
21,522,1065,346,1422,1789,1518,754,2391,2885,23,2724,335,450,1755,1266,1192,111,1461,416,1164,728,247,1546,19,20,150,35,889,818,20,20,669,1818,8078,236,143,-148,70.02391288876237,188.875685004626,28102,00:01.015625
21,540,1033,342,1386,1751,1461,739,2418,2885,24,2736,380,530,1841,1383,1157,99,1384,404,1130,682,243,1454,19,20,284,63,924,828,20,20,646,1820,8068,263,182,-157,69.18291904542392,193.2702741037552,28201,00:01.031250
21,542,916,326,1353,1701,1411,722,2458,2890,24,2726,418,616,1905,1502,1119,92,1296,389,1094,637,237,1347,19,19,465,114,962,854,20,21,591,1850,8118,253,209,-150,68.398745392685,198.8039233059257,28216,00:01.046875
21,546,832,403,1323,1684,1376,712,2502,2900,24,2591,453,654,1963,1618,1078,87,1201,750,1056,594,228,1235,19,20,641,481,997,881,20,23,591,1850,8118,253,209,-150,68.39601563310622,203.96920070556496,28913,00:01.062500
20,547,726,805,1299,1667,1337,706,2540,2906,24,2692,494,694,2011,1731,1032,79,1092,378,1020,545,218,1136,20,20,817,240,1027,907,20,22,596,1889,8112,260,114,-137,66.9183407479494,205.8292089531489,28772,00:01.078125
21,547,645,226,1278,1642,1309,680,2578,2902,24,2703,522,749,2062,1849,987,71,943,363,978,484,196,1011,19,23,984,305,1061,935,20,35,603,1878,8079,260,20,-131,65.86247868712702,214.77850596760445,28152,00:01.093750
21,543,547,186,1254,1631,1276,668,2606,2908,24,2699,556,803,2112,1960,955,65,837,365,934,426,174,893,20,29,1140,352,1085,954,20,34,604,1880,8079,245,-41,-120,64.98181785803327,219.74258289703317,28077,00:01.109375
21,520,450,206,1234,1622,1241,653,2635,2921,24,2669,589,839,2152,2069,917,61,741,348,897,369,146,770,20,34,1265,412,1118,978,24,44,573,1902,8075,202,-33,-105,64.07358247883097,224.45526814105543,27989,00:01.125000
21,525,354,130,1213,1612,1208,627,2673,2898,24,2672,616,879,2209,2199,861,67,642,323,846,312,127,637,20,37,1408,466,1150,995,24,52,620,1851,8068,193,-79,-117,63.0707406475725,230.07737089876736,27827,00:01.140625
21,496,237,117,1191,1607,1179,597,2725,2905,24,2650,651,920,2252,2307,804,60,537,298,780,243,107,490,20,47,1552,523,1196,1034,20,82,620,1851,8068,193,-79,-117,61.94330008673027,236.16272766695576,27672,00:01.156250
20,471,156,102,1170,1575,1143,537,2764,2901,25,2602,699,977,2295,2453,737,56,437,274,634,156,73,342,20,52,1700,612,1298,1079,22,108,601,1928,8026,219,-124,-152,60.6954165150964,243.64063295743907,27490,00:01.171875
21,437,99,84,1151,1533,1107,432,2784,2901,25,2568,767,1037,2332,2635,677,61,260,242,465,81,57,193,20,63,1866,693,1405,1136,27,174,589,1897,8039,212,-119,-164,59.44323711264772,252.49566458127535,27333,00:01.187500
20,397,34,57,1098,1478,1064,322,2842,2863,24,2522,809,1074,2351,2712,566,60,144,200,375,54,38,138,20,91,2015,774,1487,1166,29,224,511,1936,8119,144,-142,-135,58.76761682934043,260.3081743566992,27048,00:01.203125
21,355,35,61,1031,1432,1038,242,2939,2865,25,2522,833,1092,2353,2730,446,50,123,122,357,53,44,127,21,99,2046,826,1535,1198,31,252,550,1972,8023,68,-289,-83,58.227382545346416,264.6704021706809,26904,00:01.218750
21,309,31,72,991,1395,1037,205,2929,2866,25,2550,830,1104,2328,2730,414,64,102,103,359,50,40,128,21,72,1926,753,1563,1196,31,243,550,1972,8023,68,-289,-83,57.74469571126548,264.66513138024766,26488,00:01.234375
21,304,25,61,1000,1389,1077,199,2914,2844,26,2630,775,1066,2244,2742,401,74,102,98,384,72,43,154,21,45,1636,637,1543,1204,28,129,568,1974,8005,-16,-481,-37,57.24754712608159,260.5441324165637,25888,00:01.250000
21,297,27,192,1073,1466,1184,209,2839,2823,27,2774,665,949,2055,2653,432,81,161,117,456,93,54,221,20,21,870,353,1447,1163,22,43,536,1990,8077,-177,-699,52,56.23490406320542,246.94771847791037,24808,00:01.265625
21,280,30,25,1238,1743,1389,252,2687,2778,30,3052,424,543,1680,2214,566,87,224,48,670,172,88,392,20,21,59,31,1179,1101,21,29,563,2021,8160,-410,-1194,181,56.56746341040963,226.52797263358448,23094,00:01.281250
21,181,31,31,1546,2147,2015,281,2470,2801,31,2917,98,131,570,800,705,69,342,21,1054,350,151,1074,20,21,30,22,600,689,22,25,200,2331,8012,-915,-2298,511,64.77353522053983,193.64452647418412,21266,00:01.296875
21,122,30,32,1599,2342,2249,285,2062,2701,31,2168,32,46,151,91,930,72,438,24,1375,560,130,1728,21,21,30,25,288,294,23,24,805,1774,13226,-1120,-5381,2321,73.4853848082226,171.1624216595638,19945,00:01.312500
22,86,29,26,1490,1984,1731,133,1580,2354,30,1423,29,52,238,24,1071,126,605,26,1475,585,117,2084,23,23,30,27,209,323,25,24,805,1774,13226,-1120,-5381,2321,80.2462786047545,165.3878860253277,18004,00:01.328125
24,99,29,31,1361,1617,1178,131,1171,1603,29,603,22,57,153,23,908,166,725,29,1260,353,85,2083,24,26,29,30,244,281,27,23,1189,4867,10523,-2000,-7537,3294,85.72483361064891,160.6809830837493,14424,00:01.343750
26,28,28,30,932,1158,850,141,786,1061,28,296,24,93,163,25,914,205,851,30,1037,138,93,1826,26,27,29,30,244,259,28,25,1188,3129,12575,-3515,-8706,3816,91.03534248972092,159.11709386755314,11431,00:01.359375
27,28,31,33,646,759,718,192,377,924,31,103,26,92,144,28,735,143,80,31,764,169,73,714,29,28,31,32,258,462,29,28,-2022,4752,9286,-8627,-7169,2962,85.76793303283966,177.43464262717322,7765,00:01.375000
30,28,32,37,380,467,455,299,254,854,31,31,28,129,70,29,244,121,31,31,475,28,85,350,30,28,32,32,227,551,30,29,-3986,10919,6513,-10463,-6012,-645,77.08698430083972,200.2715407082877,5478,00:01.390625
30,29,31,31,304,327,319,355,271,846,32,31,29,128,54,30,163,49,32,31,286,35,95,242,31,28,31,31,166,610,30,29,-3986,10919,6513,-10463,-6012,-645,71.53494510135135,211.0144636824324,4736,00:01.406250
30,28,32,32,285,306,261,275,274,884,32,31,28,106,65,30,177,84,32,32,313,47,104,278,30,28,32,32,193,555,30,29,-5231,13583,6907,-3999,-5157,-7415,73.36869009584665,208.12917997870076,4695,00:01.421875
31,28,32,32,289,345,273,323,274,871,31,32,29,127,50,29,110,77,32,31,314,70,108,301,30,28,31,33,185,443,30,29,-5966,6826,4767,1071,-3826,-12414,72.46439328743546,204.0153829604131,4648,00:01.437500
30,28,32,32,281,351,272,322,291,834,31,32,29,107,78,29,45,44,31,32,318,72,105,301,31,29,31,31,199,376,29,29,-7064,5687,5816,3270,-2693,-13392,70.96999107541276,204.5141677822401,4482,00:01.453125
30,28,31,33,290,411,273,331,303,802,32,31,29,106,87,29,31,28,32,31,342,48,102,300,30,28,32,31,189,247,31,29,-7503,2010,6330,4634,-450,-11620,69.68665752798721,198.18562942654788,4377,00:01.468750
30,28,32,32,291,442,290,329,317,842,31,31,29,96,84,29,30,29,32,32,344,52,89,280,30,28,32,32,202,158,30,30,-7038,330,7072,4204,2097,-8316,68.46458858583543,193.24306669722668,4363,00:01.484375
30,28,32,31,282,485,268,340,325,792,32,32,29,83,66,29,30,28,32,32,303,58,90,280,30,28,31,32,177,96,30,30,-7038,330,7072,4204,2097,-8316,68.04581245526127,188.45299451204963,4191,00:01.500000
30,28,31,31,298,483,256,381,336,825,31,30,30,79,69,30,31,40,31,32,260,38,94,272,30,29,31,31,179,29,30,29,-6178,38,8552,3331,4624,-4330,66.17296581608089,183.87927298988927,4154,00:01.515625
30,28,31,31,288,439,240,358,327,757,31,32,29,129,46,29,36,50,31,31,175,36,104,219,30,29,31,32,144,29,30,29,-4336,84,9903,2725,7196,-889,65.15889665889667,187.06241906241905,3861,00:01.531250
31,28,31,32,287,431,212,308,331,782,31,32,30,95,31,30,34,53,32,31,169,40,106,218,30,28,31,32,122,30,30,30,-2295,582,10377,2083,9048,1241,65.16037988228999,184.59135901551636,3738,00:01.546875
30,29,30,32,281,428,223,375,288,747,32,31,29,66,30,30,59,36,33,31,205,44,83,192,30,29,32,31,117,30,31,29,-354,1348,10612,1819,9878,2359,65.35079880855673,180.858786894124,3693,00:01.562500
30,29,31,32,258,387,235,362,312,768,32,31,29,78,31,29,68,36,32,31,255,50,83,234,30,28,31,31,127,30,30,29,-354,1348,10612,1819,9878,2359,66.91537246643854,180.95367201895235,3799,00:01.578125
31,29,32,32,264,376,254,332,281,733,31,32,29,77,30,30,31,29,32,31,303,42,78,231,30,29,31,31,109,29,30,29,1146,1919,10681,1754,9528,2935,67.51884490238612,181.56561822125812,3688,00:01.593750
31,29,31,31,263,320,286,372,315,747,31,31,29,75,30,30,30,29,31,32,343,56,80,204,30,30,31,31,113,30,30,30,2710,2526,11556,1864,8392,3327,67.15577889447236,181.3237238825708,3781,00:01.609375
31,29,32,31,266,243,338,379,311,754,31,31,29,84,31,30,30,29,31,32,381,38,92,220,30,29,31,31,131,30,30,29,3948,2850,11820,2347,7577,3367,68.329604578564,182.079604578564,3844,00:01.625000
30,29,31,31,236,243,368,358,313,725,31,32,29,80,30,29,30,29,31,32,394,54,101,261,30,28,31,32,119,31,30,30,5259,1840,11190,3039,6708,2685,70.55184033177812,181.54989631933643,3858,00:01.640625
30,29,31,31,232,240,392,331,325,726,31,31,29,84,30,29,30,29,31,32,401,88,69,249,30,29,31,31,137,30,29,29,5626,-619,10852,3304,5492,1281,70.85255417956657,182.78934468524253,3876,00:01.656250
31,29,31,31,239,237,412,322,339,702,31,32,29,82,30,29,31,29,31,32,398,96,37,255,30,29,31,31,153,30,30,30,5626,-619,10852,3304,5492,1281,71.01830368651714,183.5707656612529,3879,00:01.671875
31,30,31,32,233,220,405,275,322,684,31,32,29,84,30,30,31,29,32,31,397,93,50,262,30,29,32,32,166,30,30,29,5901,-1666,10864,3143,5098,-847,72.29747501315097,185.48448185165705,3802,00:01.687500
31,29,31,31,230,262,406,252,322,693,32,31,29,82,30,30,31,29,31,31,396,94,34,272,31,29,32,32,152,30,31,29,7876,-2298,7705,2222,4983,-2714,72.22168199737187,184.8860709592641,3805,00:01.703125
30,29,32,32,222,329,376,277,344,706,31,31,29,86,31,29,30,29,31,32,418,84,51,249,30,29,32,31,131,30,30,29,10611,-493,5365,1013,3301,-2699,70.7889175257732,183.4628865979381,3880,00:01.718750
31,29,32,31,245,326,379,257,342,723,32,32,29,80,30,30,30,28,31,31,409,62,53,220,30,29,31,32,143,30,30,30,12011,-1170,5309,2169,680,-850,69.75539381336107,184.47998440343125,3847,00:01.734375
31,30,32,32,249,370,333,251,308,682,31,32,29,88,30,30,30,29,31,31,399,74,47,258,30,29,31,32,121,30,30,30,12011,-1170,5309,2169,680,-850,71.01926121372031,183.3240105540897,3790,00:01.750000
31,29,31,31,243,287,250,311,338,674,31,31,29,96,30,29,31,29,32,31,333,53,61,222,30,29,31,31,124,31,30,29,12588,-4156,5088,2207,-2163,1281,67.92843246247915,185.030989438577,3598,00:01.765625
31,29,31,31,249,228,209,316,316,668,31,31,30,64,31,29,30,29,31,31,103,30,94,211,30,29,31,31,230,425,31,30,7546,-2185,6805,-3013,-6008,2988,67.72311827956989,217.66505376344085,3720,00:01.781250
31,29,32,32,221,138,76,286,342,630,31,32,29,77,31,29,31,29,31,31,29,25,92,150,30,29,31,32,378,1664,30,29,-579,1735,8888,-5631,-6278,4544,70.73757200768082,283.75080008534246,4687,00:01.796875
31,30,31,31,142,50,31,342,355,614,31,31,28,623,30,30,31,30,32,30,28,22,150,170,30,29,31,713,1124,2011,71,49,-191,624,7945,-7071,-2681,5506,73.21859332473858,331.29487179487177,6981,00:01.812500
30,29,31,24,145,52,31,295,361,681,31,23,29,1319,52,26,31,29,30,22,24,20,179,98,32,30,416,2635,2023,1842,31,1544,5935,8437,15080,-3213,-5379,5121,72.66698229724166,376.1755043227666,12145,00:01.828125
31,28,28,21,87,70,30,115,296,573,27,49,433,1690,117,35,30,28,26,20,20,19,200,74,30,918,1591,3098,2547,1821,174,2616,5935,8437,15080,-3213,-5379,5121,77.18067925424533,395.72289514309466,16842,00:01.843750
29,24,23,20,71,154,30,53,678,426,24,118,804,1725,185,674,29,25,22,20,19,19,122,47,29,1690,2562,3179,2528,1762,235,2294,3201,4270,13477,-1897,-5393,1785,78.35308358817534,393.241997961264,19620,00:01.859375
28,23,22,21,91,221,30,36,992,443,23,309,1000,1737,84,1269,27,23,21,19,53,19,127,46,29,2033,2858,3067,2418,1721,214,1996,815,1816,9768,-1213,-2193,-19,77.50507142857143,385.58635714285714,21000,00:01.875000
27,23,21,21,117,255,171,45,1220,482,23,483,1049,1745,283,1503,27,22,21,19,77,20,136,42,28,2101,2961,2948,2342,1705,206,1841,510,2033,8280,-266,-644,-285,76.31059916226553,377.2974185030049,21964,00:01.890625
27,22,21,21,153,273,170,37,1429,585,23,615,1089,1747,888,1660,26,22,21,19,77,22,114,38,27,2110,3014,2855,2313,1694,154,1766,416,2068,8136,174,-276,-254,74.29806356373741,369.7772664119486,23032,00:01.906250
26,22,21,22,163,280,194,33,1582,606,23,700,1134,1741,1468,1723,26,22,21,19,84,24,75,53,28,2141,3056,2808,2274,1688,188,1727,416,2068,8136,174,-276,-254,73.01543467378609,365.3100075087602,23972,00:01.921875
25,23,21,23,161,293,186,34,1750,617,23,769,1171,1761,1814,1782,25,22,20,19,79,21,74,46,27,2209,3097,2762,2249,1677,168,1711,391,2162,7958,209,-137,-218,72.11547508009247,362.409201508577,24659,00:01.937500
25,22,21,23,170,298,191,33,1804,625,24,807,1200,1765,2028,1810,25,21,20,19,80,22,74,50,26,2284,3137,2748,2240,1672,136,1711,384,2127,7961,126,25,-157,71.86772729082873,360.91143323643024,25111,00:01.953125
25,21,21,26,182,303,184,34,1902,615,23,852,1212,1761,2182,1834,25,21,20,19,78,22,66,45,27,2358,3174,2709,2222,1672,157,1704,349,2094,8003,-81,6,-94,71.54945873862566,359.80753843740194,25496,00:01.968750
24,25,20,26,187,317,191,33,2028,625,23,900,1224,1759,2341,1853,24,21,20,19,80,21,69,44,33,2407,3201,2669,2206,1668,130,1698,349,2096,8058,-187,-46,-72,71.15102758247701,357.8542841690489,25886,00:01.984375
24,22,20,27,196,334,221,31,2115,645,24,952,1241,1754,2397,1870,51,21,20,19,84,20,53,48,63,2418,3216,2629,2195,1660,125,1684,379,2016,8088,-122,-72,-71,70.93997096909737,356.0035333664388,26179,00:02.000000
24,22,20,26,199,351,227,37,2228,688,24,993,1246,1751,2471,1881,53,21,20,19,83,19,51,49,91,2411,3231,2613,2190,1652,147,1679,379,2016,8088,-122,-72,-71,70.52762378851303,354.49257080363543,26517,00:02.015625
23,32,21,23,206,385,255,40,2316,718,24,1032,1245,1731,2472,1898,60,27,20,19,94,20,47,45,95,2365,3233,2587,2179,1638,141,1674,320,2023,8099,-41,-208,-65,70.18837427339209,352.41890118132386,26665,00:02.031250
23,33,20,22,212,401,286,40,2387,781,24,1056,1243,1725,2501,1911,64,22,20,19,98,20,36,49,82,2316,3233,2567,2172,1632,145,1657,317,2100,7949,-104,-265,-45,69.76646639549203,350.589860805314,26797,00:02.046875
23,29,20,21,223,431,335,45,2460,853,24,1078,1238,1701,2481,1912,58,24,20,19,99,19,35,49,92,2269,3233,2535,2167,1622,143,1647,319,2082,7948,-348,-302,6,69.44974911726445,348.68595056680914,26905,00:02.062500
22,37,20,23,242,476,362,48,2516,936,23,1098,1226,1681,2459,1910,88,28,20,19,101,21,29,52,84,2225,3231,2519,2167,1602,135,1633,352,2029,7968,-520,-271,49,69.20654385380831,346.14571079791364,27033,00:02.078125
22,24,21,28,255,534,504,48,2562,976,24,1130,1215,1651,2387,1912,81,21,20,19,99,21,23,51,95,2193,3230,2491,2162,1569,121,1628,352,2029,7968,-520,-271,49,69.12859092082458,344.1099863554228,27117,00:02.093750
22,40,20,34,277,604,629,50,2628,1088,24,1174,1188,1613,2311,1925,103,21,20,19,116,22,29,48,82,2128,3236,2435,2140,1539,103,1612,327,1974,7977,-569,-220,66,68.87831744868035,340.0519061583578,27280,00:02.109375
22,21,21,39,329,688,804,49,2651,1216,24,1248,1157,1566,2212,1939,189,34,20,19,157,30,64,63,64,2012,3223,2356,2092,1501,74,1573,361,1916,8014,-333,-92,59,68.98093382379722,333.9073460319773,27457,00:02.125000
21,20,21,38,391,769,928,50,2689,1393,23,1327,1105,1502,2163,1979,284,34,20,19,235,60,98,72,40,1853,3206,2274,2025,1450,44,1507,297,1917,7964,-263,-44,66,68.82899782923299,326.6397431259045,27640,00:02.140625
21,20,21,43,474,848,1011,48,2684,1618,24,1419,1047,1439,2118,2020,438,34,22,19,283,107,146,121,23,1652,3182,2172,1927,1391,38,1391,332,1882,8007,-356,-70,95,68.82840545304126,318.0303406352289,27801,00:02.156250
21,50,21,46,584,927,1096,59,2644,1840,23,1529,968,1354,2070,2067,594,50,46,28,401,196,193,198,22,1376,3125,2034,1818,1325,31,1208,280,1882,8019,-468,-285,152,69.10218651588892,306.8266711995419,27944,00:02.171875
21,115,21,52,684,1012,1162,56,2598,2134,23,1633,858,1228,2000,2183,736,55,75,148,570,352,297,464,22,1042,3032,1784,1669,1220,27,830,280,1882,8019,-468,-285,152,70.11625093406398,289.9955520762908,28103,00:02.187500
21,167,36,53,811,1106,1207,107,2530,2418,22,1765,754,1117,1930,2130,872,73,192,227,723,512,385,801,21,667,2851,1586,1514,1105,21,489,251,1857,8148,-500,-539,198,71.25337610321483,272.15400701804134,28213,00:02.203125
21,211,69,58,944,1202,1274,146,2429,2671,22,1926,646,977,1861,1950,1029,95,326,317,862,670,424,1238,21,389,2578,1284,1361,986,20,231,277,1863,8201,-506,-718,257,72.82410227353212,253.39531836532333,28238,00:02.218750
20,269,161,68,1082,1320,1319,239,2345,2816,22,2183,523,797,1756,1696,1174,168,669,401,1007,860,545,1596,20,153,1968,865,1199,850,24,69,205,1867,8247,-422,-962,366,74.34585225659949,230.63330258302585,28184,00:02.234375
20,333,562,106,1253,1506,1375,436,2285,2753,23,2542,383,518,1616,1355,1294,386,1288,533,1197,1079,628,1848,19,45,896,306,958,708,20,28,115,2089,8395,-253,-1159,678,75.99994699459344,200.4456871267536,28299,00:02.250000
21,357,1131,173,1454,1644,1480,601,2230,2634,23,2707,220,295,1458,1000,1369,615,1690,564,1407,1287,716,2082,19,19,162,59,638,563,19,19,115,2089,8395,-253,-1159,678,78.32651102735902,177.4149218313791,28656,00:02.265625
21,370,1473,218,1673,1776,1611,757,2193,2432,22,2697,98,117,1195,546,1446,883,1731,645,1621,1477,822,2356,19,19,20,19,351,400,19,19,304,2272,8284,148,-1659,1469,81.84531432899539,162.9138263444192,29046,00:02.281250
21,383,1640,262,1732,1863,1907,919,2112,2274,21,2435,34,43,722,198,1573,1060,1738,868,1737,1600,942,2561,19,19,20,19,259,270,19,19,896,1713,9911,391,-3635,2092,85.6190207927891,152.7930793130527,29289,00:02.296875
21,391,1736,33,1765,1919,2222,1002,2005,2136,21,2164,21,27,283,43,1707,1224,1686,1195,1774,1685,962,2627,19,18,20,19,201,154,19,19,1437,2403,9608,1087,-5827,1957,88.64798406483962,146.2384950889484,29118,00:02.312500
28,421,1814,20,1792,1941,2481,1059,1869,2014,21,3212,20,22,132,25,1833,1336,1682,23,1818,1748,786,2629,19,18,19,32,120,71,20,19,1399,1909,9910,1155,-7321,1609,87.34566519763118,149.68871367580223,29044,00:02.328125
36,441,1858,32,1838,1968,2657,1063,1694,1930,20,32,20,22,103,21,2017,1416,1702,48,1873,1787,618,2630,19,18,19,31,35,18,20,18,1399,1909,9910,1155,-7321,1609,94.6725888324873,135.5456083679434,26004,00:02.343750
34,495,1847,31,1850,1957,2709,1079,1500,1825,20,33,20,23,78,20,2187,1473,1718,2809,1894,1814,561,2635,18,18,19,20,22,18,20,18,1461,1960,9711,895,-8627,1363,96.40356335824788,126.30876064661916,28765,00:02.359375
36,535,1852,514,1844,1893,2716,1073,1271,1733,20,22,20,20,67,20,2386,1528,1720,2849,1905,1858,524,2653,19,18,19,20,19,18,20,18,1859,2238,8173,10,-9104,1287,97.32983567271482,123.0769428277987,29210,00:02.375000
36,583,1834,562,1853,1829,2656,1057,1065,1601,20,21,20,22,40,20,2566,1611,1730,2810,1885,1907,460,2665,19,18,19,20,18,18,20,18,1994,2772,9657,-664,-9440,1532,98.6647243388615,121.17958487053065,29003,00:02.390625
35,632,1768,566,1880,1732,2630,998,932,1426,20,21,20,21,51,20,2678,1741,1782,2814,1856,1983,439,2729,19,18,19,20,18,19,21,18,2186,2983,11181,-1565,-11965,2577,100.26768305330845,119.97967226716447,28926,00:02.406250
25,708,1718,578,1822,1610,2397,864,781,1116,20,21,20,23,32,20,2803,1933,1820,2791,1876,2080,490,2855,19,18,19,20,18,19,21,19,2398,4971,12174,-4203,-15640,4225,102.96709973385629,118.11969463510296,28556,00:02.421875
23,723,1456,540,1699,1461,2236,575,712,909,20,180,20,22,28,20,2820,2078,2014,2650,1978,2139,578,3134,19,19,20,20,19,19,22,21,2398,4971,12174,-4203,-15640,4225,105.81291261446724,118.5159544260666,28174,00:02.437500
22,720,1086,30,1447,1382,2134,347,479,768,21,294,20,25,22,20,3009,2176,2240,35,2004,2183,753,3176,19,19,21,30,19,19,22,26,3832,5649,15363,-7497,-19957,6561,110.4999185932921,126.25881227613156,24568,00:02.453125
21,656,227,31,1360,1169,1933,264,252,771,25,259,20,33,22,20,3229,1977,1611,55,1915,2201,841,2949,19,20,26,30,20,20,22,30,7722,4712,22742,-10080,-22818,8244,113.46661067731978,126.85130288723444,22028,00:02.468750
28,820,29,427,1181,1134,1445,275,146,843,28,99,21,30,24,22,3261,1340,874,1787,1740,1730,598,2430,20,21,28,23,22,22,25,39,6200,6466,20596,-9624,-22537,9138,109.82329855694228,117.34370124804992,20512,00:02.484375
26,687,30,31,1100,1206,809,237,129,742,30,123,24,65,28,25,2946,668,449,33,1131,572,181,1596,21,25,30,31,25,26,29,68,2858,8424,22741,-8739,-21079,9048,104.1689400289568,123.57376362112322,13123,00:02.500000
22,100,31,31,529,688,164,212,173,818,31,32,28,41,31,28,2097,188,95,31,426,156,31,514,24,27,32,31,29,30,32,69,2858,8424,22741,-8739,-21079,9048,95.950745827795,126.89336877861469,6771,00:02.515625
27,69,32,334,145,33,31,233,238,665,32,31,31,57,31,29,973,194,31,31,30,31,31,327,27,29,31,31,157,32,32,30,-10699,12849,23564,-7275,-17073,9041,86.33048327137547,140.22428748451054,4035,00:02.531250
27,70,31,32,68,31,31,250,264,617,31,31,30,53,31,29,856,225,32,31,32,31,32,343,27,28,31,31,123,31,31,29,-17442,16293,15510,-5213,-13588,2239,87.49222944334558,148.9020909861543,3539,00:02.546875
28,62,31,46,92,32,31,244,234,599,31,32,31,40,31,29,848,236,31,31,31,31,32,349,27,28,31,31,90,31,32,43,-12742,8292,11187,-454,2002,-6657,88.5412017167382,146.33719599427755,3495,00:02.562500
28,47,31,48,91,31,31,231,257,640,31,31,31,49,32,29,585,257,31,31,31,31,31,325,29,27,31,31,121,31,32,39,-9267,7114,9136,577,7872,-10331,83.56982732505301,158.01635867918813,3301,00:02.578125
29,28,32,39,96,32,31,282,263,641,31,31,31,37,31,29,384,200,31,31,30,31,30,277,29,29,31,31,125,31,31,38,-10263,5501,8824,2722,11594,-10213,77.07561217736598,167.21111846459297,3022,00:02.593750
29,28,32,33,116,44,31,254,270,547,32,31,30,42,31,29,251,220,31,30,30,31,31,277,30,28,32,32,113,31,32,31,-10263,5501,8824,2722,11594,-10213,76.75792096831613,172.7557849768601,2809,00:02.609375
30,29,31,32,114,67,31,230,283,593,31,32,30,49,32,30,235,171,32,32,30,31,32,291,29,28,31,32,87,31,32,29,-6979,2880,9271,3512,16681,-8576,74.46388988201645,173.47765462996068,2797,00:02.625000
30,29,32,33,154,110,32,285,292,610,31,33,32,51,32,29,258,141,31,31,30,32,32,263,30,29,31,31,111,31,31,30,-4147,3407,9227,3033,20224,-6603,72.02823807913425,174.1224213730132,2957,00:02.640625
29,29,31,32,172,120,31,256,287,584,32,35,30,38,32,30,256,180,32,32,30,32,31,233,30,29,32,31,110,31,31,30,-443,3670,8609,3824,21424,-5490,73.11960246744346,172.90661411925976,2918,00:02.656250
30,29,32,32,137,160,32,279,296,600,32,63,30,47,31,29,269,101,31,31,31,31,31,249,30,29,31,31,112,31,31,30,4682,3528,9895,4619,18639,-5319,70.52011494252874,175.80662609871536,2958,00:02.671875
30,29,30,31,201,243,32,300,282,573,32,33,30,46,31,29,228,116,31,31,32,30,31,303,30,29,32,32,134,30,31,29,4682,3528,9895,4619,18639,-5319,71.97533053853596,175.71557562076748,3101,00:02.687500
30,30,31,33,212,391,32,288,288,549,32,46,30,62,31,29,317,142,31,31,31,30,32,254,30,29,31,31,109,30,31,29,2624,4732,13607,4100,16651,-5806,72.63779527559055,171.59948516050878,3302,00:02.703125
29,29,32,32,202,451,31,300,350,592,32,31,31,36,32,29,306,140,31,32,31,30,31,225,29,29,32,31,103,30,31,35,4403,6177,15842,4436,16467,-6038,69.98153618906943,170.76824224519942,3385,00:02.718750
29,30,31,31,168,465,31,325,351,570,31,31,30,57,31,29,397,183,31,31,31,30,31,226,29,29,32,31,106,30,31,58,6054,4178,17538,4776,17071,-4377,72.43739424703892,169.73434856175973,3546,00:02.734375
29,29,31,31,197,463,31,321,345,545,31,56,30,49,31,30,415,159,32,31,30,30,31,251,29,29,31,32,115,30,31,44,7087,3786,18585,4574,18227,-1185,73.19347156066125,168.6382740263379,3569,00:02.750000
30,28,31,32,197,423,31,345,313,576,31,38,30,46,31,30,444,150,31,32,30,30,32,251,29,29,31,31,116,31,31,58,9235,1988,17516,5622,18747,1978,73.5826793721973,167.61505044843048,3568,00:02.765625
29,30,31,33,198,355,32,315,275,551,31,32,30,48,32,29,494,161,31,31,30,31,31,252,29,29,32,32,112,31,32,50,9235,1988,17516,5622,18747,1978,76.42729112460249,164.97932928592078,3459,00:02.781250
29,29,31,32,208,253,32,338,278,478,32,67,31,50,31,29,465,186,31,32,30,31,31,247,29,29,31,31,110,31,31,41,10436,623,17095,6538,17295,4262,77.28224355128974,164.94256148770245,3334,00:02.796875
29,30,31,32,179,198,31,329,267,531,31,37,30,47,32,29,458,189,32,32,30,31,31,242,30,29,31,32,102,30,32,56,12722,-1137,16157,6970,15787,4177,77.14046153846154,165.28661538461537,3250,00:02.812500
29,30,31,32,178,183,31,327,266,546,31,96,30,40,31,29,438,158,32,31,31,31,31,234,30,29,31,31,103,30,32,76,16145,-1511,13030,6158,12542,1123,74.94920196439533,169.43707796193985,3258,00:02.828125
29,29,31,32,176,163,31,333,289,554,31,102,30,46,32,29,346,195,31,31,31,31,32,255,30,29,31,31,108,31,31,82,18725,-2888,10437,5353,8344,-3626,73.8848865726548,173.32250153280197,3262,00:02.843750
30,29,32,32,164,251,32,288,302,554,31,92,30,41,32,29,233,139,32,31,30,30,31,197,29,29,31,32,103,30,31,93,18725,-2888,10437,5353,8344,-3626,68.7114006514658,181.75309446254076,3070,00:02.859375
30,29,32,32,167,414,32,208,331,554,32,47,30,37,31,30,234,218,31,32,30,30,32,201,30,29,31,31,93,30,31,85,23682,-6112,7914,4144,4960,-7586,71.30898876404494,177.97456304619226,3204,00:02.875000
30,29,32,32,163,483,76,215,389,579,31,35,30,48,31,30,122,141,31,32,31,30,31,209,29,29,31,32,97,29,32,92,24894,-8252,5178,1886,-66,-8200,66.14948932219127,186.22825750541628,3231,00:02.890625
30,30,31,31,173,347,31,226,351,525,31,32,30,65,32,29,68,104,32,31,30,29,31,267,30,29,31,31,149,801,31,29,24708,-7977,17755,112,-10303,-5183,71.06308851224105,237.6283292978208,3717,00:02.906250
30,29,30,32,166,78,32,242,299,611,31,32,29,309,32,30,40,63,31,32,28,23,31,164,30,28,96,236,760,2112,53,32,16573,-7065,4231,-7170,-9584,-1700,73.82602668514988,319.30947842661584,5771,00:02.921875
30,28,30,23,90,35,32,288,305,703,31,22,26,1093,64,28,66,82,30,22,25,20,31,109,27,29,400,2761,1770,2005,280,1138,-356,-2479,13446,-9735,-9143,1061,73.62836617052396,378.4473027617655,11623,00:02.937500
28,26,28,20,84,23,27,100,272,464,27,21,65,1389,28,22,28,54,26,20,23,19,26,52,1045,1893,1773,3355,2352,2039,1494,2948,-356,-2479,13446,-9735,-9143,1061,81.37332456628396,417.1619543776238,19771,00:02.953125
25,21,22,21,68,63,25,56,216,207,23,32,269,1670,97,47,26,35,22,19,20,18,27,50,1637,2733,2861,3389,2782,1926,1539,3132,-1957,-1205,12985,-3341,-12068,1266,85.11192477684375,422.5717133200451,23078,00:02.968750
25,21,20,27,64,132,26,60,358,204,22,81,844,1751,168,386,25,33,20,19,19,18,38,43,1447,2907,3199,3378,2569,1821,1374,2772,2293,3298,18007,-1683,-12368,2628,83.95611830254283,415.5599472162875,23871,00:02.984375
26,21,20,25,74,193,27,33,569,232,22,257,1066,1754,120,1299,26,28,20,19,19,18,30,37,931,2890,3285,3210,2462,1772,1011,2095,1030,3294,9935,-3238,-7341,1397,81.77550760883388,403.7215887414692,23591,00:03.000000
26,21,20,19,94,260,25,32,1166,341,23,605,1155,1737,1471,1723,26,24,20,19,19,18,24,36,353,2763,3315,2885,2399,1738,357,1772,1226,2012,9456,-2835,-3791,245,76.39604263660867,379.9391897410765,24486,00:03.015625
24,20,20,19,186,332,22,31,1951,590,23,957,1146,1690,2513,1917,59,28,20,19,20,18,22,35,99,2573,3335,2591,2332,1717,97,1626,1226,2012,9456,-2835,-3791,245,71.65390673017824,359.82926782421634,26032,00:03.031250
22,20,20,28,253,423,81,43,2522,916,23,1167,1156,1597,2727,1944,136,27,19,19,31,18,21,51,41,2331,3338,2441,2281,1684,50,1573,878,1864,9039,-2406,-1965,38,69.14816872199386,347.0457726919231,27003,00:03.046875
22,37,20,40,294,604,238,51,2594,1109,23,1230,1136,1551,2716,2002,263,26,20,19,75,18,21,48,43,2174,3349,2373,2215,1593,30,1525,423,1767,8555,-1715,-526,30,68.7055428092793,338.90032411959646,27459,00:03.062500
21,37,20,46,345,700,621,49,2493,1256,22,1267,1119,1516,2495,2041,495,33,20,19,136,18,20,47,39,2099,3351,2337,2108,1553,27,1475,151,1791,8203,-734,102,28,69.65496855345911,331.49480682839175,27825,00:03.078125
21,38,20,49,430,771,788,47,2421,1367,23,1324,1067,1481,2403,2077,656,28,33,19,222,20,20,62,26,1989,3327,2277,2023,1515,22,1401,234,1765,8196,-424,-42,33,70.05771087352952,325.0460006436157,27967,00:03.093750
21,55,20,48,517,838,922,50,2406,1473,23,1382,1024,1442,2298,2108,735,33,47,19,293,50,33,106,23,1862,3309,2208,1928,1462,22,1306,263,1700,8245,-222,-322,20,70.30942878523322,318.72691800591525,28063,00:03.109375
21,101,21,55,587,895,997,56,2441,1629,23,1455,978,1404,2247,2138,737,32,71,29,383,95,70,178,23,1659,3263,2099,1841,1403,22,1204,263,1700,8245,-222,-322,20,70.06442447703945,311.41442625279683,28157,00:03.125000
21,135,22,66,644,947,1054,70,2479,1772,23,1540,942,1366,2205,2188,732,39,81,62,449,133,97,275,22,1461,3200,1966,1765,1349,22,1034,291,1717,8183,8,-544,23,69.79627854124499,303.86966016831786,28161,00:03.140625
21,190,31,61,710,1011,1081,73,2530,1962,23,1657,901,1317,2202,2242,709,33,118,94,498,174,110,354,22,1167,3076,1807,1690,1291,22,860,286,1746,8163,128,-647,60,68.88424225131077,295.29664372079753,28037,00:03.156250
21,240,66,63,774,1084,1097,116,2593,2225,22,1798,867,1266,2206,2311,702,42,136,106,550,208,109,429,22,856,2986,1636,1603,1240,21,642,327,1899,8005,173,-686,85,67.7318900024967,285.6367657024646,28037,00:03.171875
21,284,91,71,843,1154,1128,162,2656,2429,22,1916,831,1203,2217,2337,671,43,178,140,597,246,106,511,21,611,2858,1471,1519,1194,21,472,330,1861,8014,72,-617,137,66.80224093634028,276.62275192691976,28024,00:03.187500
21,322,124,85,919,1229,1136,186,2641,2546,22,2022,788,1142,2208,2344,727,44,219,168,655,295,103,635,21,502,2731,1325,1443,1142,27,330,330,1861,8014,72,-617,137,66.85390719521742,268.4773147818661,28102,00:03.203125
21,318,153,93,985,1305,1173,218,2613,2672,22,2110,737,1059,2155,2258,790,48,292,198,718,352,149,798,21,349,2580,1194,1379,1081,22,241,395,1848,8031,-69,-560,180,67.32393965271848,259.6482884998577,28104,00:03.218750
21,359,196,119,1041,1382,1219,282,2606,2760,22,2177,688,957,2137,2179,829,51,355,240,785,421,145,918,21,260,2431,1048,1302,1048,22,163,404,1708,8073,-123,-532,194,67.60798680102185,251.1872338915697,28184,00:03.234375
21,390,256,126,1115,1496,1249,335,2610,2822,22,2273,637,772,2076,2034,863,52,515,273,857,501,187,1096,20,164,2160,905,1203,1025,26,87,385,1770,8107,-125,-565,223,68.25051476853167,240.67544731610337,28168,00:03.250000
21,411,404,128,1195,1599,1284,406,2592,2892,22,2430,567,665,2022,1894,910,55,681,308,947,580,235,1242,20,107,1815,675,1112,941,22,54,431,1794,8082,-126,-581,269,68.64865774188979,229.1212459271852,28236,00:03.265625
21,450,616,162,1278,1698,1341,512,2564,2915,22,2548,481,594,1973,1716,961,56,906,360,1028,666,256,1370,20,66,1325,483,1020,850,23,28,413,1827,8114,-98,-692,354,68.99463068282172,216.271804019923,28309,00:03.281250
21,472,953,176,1386,1780,1391,586,2557,2966,22,2720,382,467,1906,1536,1004,69,1085,385,1130,770,279,1508,20,40,841,204,904,753,22,21,413,1827,8114,-98,-692,354,69.32807871349979,202.2781774580336,28356,00:03.296875
21,474,1225,211,1476,1862,1447,673,2532,2961,22,2827,278,348,1822,1296,1054,116,1401,428,1256,898,317,1680,19,22,429,65,789,689,24,19,235,1928,8214,20,-831,613,70.72565461455319,189.66170984275303,28681,00:03.312500
21,487,1476,239,1590,1947,1543,796,2506,2913,22,2840,185,209,1696,985,1102,206,1571,445,1375,1036,365,1898,19,19,144,19,632,582,19,19,520,2213,7976,111,-997,1150,72.6389330934754,178.16759496298346,28906,00:03.328125
21,471,1621,365,1691,2027,1717,907,2465,2789,22,2477,95,108,1447,651,1163,394,1660,647,1504,1200,398,2112,19,19,42,20,466,436,19,19,550,1995,8332,195,-1432,1836,76.03633761037527,166.45255587748343,28992,00:03.343750
21,459,1789,388,1803,2084,1891,1035,2409,2613,21,2717,44,44,1215,298,1237,617,1641,530,1621,1313,420,2322,19,19,20,19,315,319,19,19,859,1933,8848,70,-2420,2075,78.28511662853045,159.4981728766094,29281,00:03.359375
21,463,1859,238,1810,2111,2111,1122,2320,2467,21,2618,24,28,910,140,1345,800,1639,541,1695,1407,469,2420,19,19,19,19,277,210,20,19,859,1933,8848,70,-2420,2075,80.7944724306912,154.91972516363387,29181,00:03.375000
33,458,1896,20,1815,2151,2439,1183,2214,2330,21,2323,23,22,523,39,1446,943,1631,911,1711,1460,452,2455,19,18,19,19,224,132,20,19,699,1426,9811,543,-4308,1725,83.5144464772688,149.40136007456246,28969,00:03.390625
39,475,1955,358,1836,2190,2771,1214,2088,2245,21,2107,20,21,186,24,1574,1043,1641,1170,1759,1478,355,2472,18,18,19,19,167,64,20,19,1382,1500,9567,1036,-5760,1296,85.2698223643912,142.92557680528142,29386,00:03.406250
47,498,1965,21,1857,2228,2854,1232,1970,2131,21,1767,20,24,145,21,1709,1152,1626,1463,1796,1485,307,2457,19,19,19,19,97,25,20,19,1413,1723,9194,1140,-6670,846,87.08882995212345,140.0106602831261,29033,00:03.421875
51,547,1982,658,1892,2268,2866,1235,1823,2013,21,1550,20,23,132,21,1851,1219,1640,1605,1844,1457,263,2468,18,18,19,19,25,18,20,18,1571,2098,8638,894,-7576,727,87.98138765031753,134.71765639778408,29604,00:03.437500
47,564,1992,22,1895,2284,2886,1231,1667,1923,21,1232,20,23,106,21,1998,1300,1649,2113,1850,1429,236,2485,19,18,19,20,21,19,20,19,1994,2287,8093,61,-7993,875,90.11727675048888,133.1244296545336,29149,00:03.453125
55,578,1967,691,1885,2285,2827,1207,1469,1861,20,22,20,22,108,21,2165,1356,1652,1969,1874,1413,240,2506,19,18,19,19,20,19,20,20,1994,2287,8093,61,-7993,875,92.971939225156,125.53458243733915,28367,00:03.468750
60,589,1963,540,1879,2322,2778,1190,1282,1789,20,837,20,24,61,21,2336,1424,1673,2142,1872,1352,240,2526,19,18,19,19,18,19,21,20,2465,2478,8957,-453,-7864,1226,92.5907262915478,127.18645378613412,29093,00:03.484375
53,611,1932,587,1864,2254,2587,1151,1116,1639,20,592,20,25,66,21,2479,1544,1694,2293,1875,1404,234,2563,19,18,19,19,18,19,21,20,3324,3174,10894,-1007,-9270,2057,94.58908155818884,124.23143482642388,28777,00:03.500000
57,670,1889,595,1866,2146,2322,1070,956,1401,20,455,20,25,64,20,2607,1692,1702,2342,1859,1489,284,2676,19,18,19,20,18,19,22,20,3222,3783,12223,-2131,-12240,3187,97.01115143400747,121.82185892467056,28382,00:03.515625
59,757,1823,662,1900,1980,2090,873,853,1121,20,293,20,25,25,20,2691,1858,1751,2329,1757,1536,363,2829,19,19,19,20,19,19,23,21,3118,6698,17131,-4650,-16635,4952,99.81675901273655,119.1472619989926,27794,00:03.531250
53,775,1488,689,1824,1854,1970,549,638,942,20,129,20,27,24,20,2865,1986,1981,2245,1698,1616,385,3023,19,19,20,21,19,19,23,24,3118,6698,17131,-4650,-16635,4952,103.74784139336668,116.94578469520104,26985,00:03.546875
56,740,668,30,1746,1779,1892,447,447,889,22,265,20,34,24,20,3059,1907,1968,35,1636,1587,467,2849,19,19,23,31,20,20,24,30,5339,7233,20012,-7044,-21818,6992,106.8054494357353,125.57436437886972,22773,00:03.562500
72,862,119,31,1460,1694,1448,360,255,1105,27,269,21,44,25,22,3184,1085,1125,34,1661,1255,364,2446,20,21,28,30,21,22,26,40,8271,6310,25656,-7040,-23666,8054,104.5956143095536,126.41022632457238,19176,00:03.578125
67,800,29,32,1191,1557,720,312,195,1059,29,158,22,67,28,24,2999,475,623,32,1368,662,129,1674,20,24,29,31,23,24,29,65,4660,5416,19865,-6885,-23815,8600,99.96050907084224,124.98975650134513,14497,00:03.593750
21,288,30,69,932,1237,280,270,197,902,30,106,26,65,30,28,2582,250,366,129,711,162,30,647,22,27,30,31,27,28,30,103,-194,7946,23657,-5215,-23118,8200,94.1680776378278,125.58703283088994,9686,00:03.609375
26,86,31,31,414,478,31,257,220,676,32,31,31,47,31,29,1023,206,31,33,57,31,31,334,27,28,32,32,31,31,31,75,-16901,5326,2078,-3598,-18448,8440,84.18610615521855,143.36518733273863,4484,00:03.625000
28,57,31,185,120,32,31,260,224,687,32,30,31,45,31,30,615,170,31,30,31,32,31,212,29,28,31,30,76,31,32,55,-16901,5326,2078,-3598,-18448,8440,78.40415913200724,151.96503918022904,3318,00:03.640625
29,61,31,308,75,31,31,222,225,634,31,31,31,72,31,30,547,222,31,30,31,31,31,268,28,29,31,30,78,31,32,41,-6835,13475,22919,-908,-8036,2436,80.56391200951248,149.91676575505352,3364,00:03.656250
29,28,31,153,143,31,31,257,231,597,31,31,31,98,31,30,617,262,31,31,31,31,31,222,28,29,32,31,93,32,31,45,-10940,4229,9239,932,3420,-4174,81.96354166666667,155.8578869047619,3360,00:03.671875
29,30,32,129,99,60,31,249,232,541,31,32,31,96,32,30,491,126,32,31,31,31,32,212,29,29,31,31,76,31,31,72,-5797,4705,8038,38,8621,-7098,77.36783333333334,166.9795,3000,00:03.687500
29,30,31,143,158,89,31,240,230,538,31,31,31,84,31,31,365,181,31,31,31,31,31,195,29,30,32,31,71,31,31,42,-6275,4874,6168,1294,11613,-6909,75.9395120298204,165.84107082344968,2951,00:03.703125
29,29,31,121,201,107,31,292,246,565,31,32,30,94,32,30,228,170,31,31,30,31,31,151,30,29,31,30,100,31,31,30,-6275,4874,6168,1294,11613,-6909,69.97873799725652,173.92095336076818,2916,00:03.718750
29,29,32,147,169,124,31,212,262,548,31,31,31,67,31,30,180,125,32,32,30,31,31,158,31,29,32,31,78,31,31,66,-4584,2407,7535,3461,15393,-5556,68.65697674418605,178.7358284883721,2752,00:03.734375
30,30,31,97,202,133,31,224,273,585,32,32,30,66,31,29,165,110,31,31,31,31,31,231,30,29,32,31,53,31,32,81,-3050,887,7424,3236,18785,-3976,68.76674894217207,179.48854019746122,2836,00:03.750000
30,30,32,66,201,134,32,216,288,539,31,30,29,82,31,30,143,106,31,31,30,31,32,187,30,30,31,31,93,31,31,77,-1201,1126,7724,2813,19803,-2606,67.57356154406409,187.6280043699927,2746,00:03.765625
30,29,32,31,202,136,31,257,291,542,31,31,30,80,31,30,172,108,31,31,30,31,31,182,30,29,32,31,98,30,31,78,-385,1509,8947,2890,19455,-1858,67.5467909645034,187.18232341340985,2789,00:03.781250
30,29,31,31,205,327,30,279,307,557,31,31,30,44,31,29,194,70,32,32,30,31,31,193,30,30,31,31,72,30,32,90,1520,2610,10687,3767,18775,-1814,66.13619590741362,182.20077155317009,2981,00:03.796875
30,28,31,31,214,438,32,294,314,577,32,60,31,52,31,30,193,92,31,32,31,29,31,157,30,29,31,31,75,29,31,97,1520,2610,10687,3767,18775,-1814,64.57498424700694,182.90280403276623,3174,00:03.812500
31,30,31,32,225,536,31,265,305,528,31,82,30,77,31,29,182,109,32,31,31,29,31,195,31,29,31,31,47,30,31,66,3823,2216,13295,5413,17920,-2686,66.40294117647059,180.3235294117647,3230,00:03.828125
30,29,32,30,213,637,31,235,329,554,32,75,31,74,32,30,206,120,32,31,31,29,32,200,29,29,32,31,36,29,31,101,4115,1949,16176,6002,16727,-3615,66.55010315355143,181.20335985853228,3393,00:03.843750
30,29,32,31,236,670,31,300,367,563,32,87,30,54,31,29,220,118,32,31,30,29,31,204,29,29,31,31,30,29,31,99,4997,1322,19282,5908,16814,-3816,65.55891451068617,177.3224128233971,3556,00:03.859375
30,29,32,31,244,667,31,310,391,551,32,94,30,58,32,29,216,117,31,31,31,29,31,207,30,29,31,31,30,29,32,94,6474,399,20247,4883,18168,-3038,65.24233983286908,177.60111420612813,3590,00:03.875000
30,29,31,31,254,631,32,321,387,556,31,95,30,57,31,29,223,150,32,31,30,30,31,200,29,29,32,31,30,29,31,121,6474,399,20247,4883,18168,-3038,65.84273527793066,178.0916345624656,3634,00:03.890625
30,29,32,31,233,558,31,315,371,515,31,118,30,70,31,30,235,125,32,31,30,29,31,198,29,29,31,31,30,29,31,111,8199,32,19238,4292,18859,-1958,66.07097791798107,179.51290507599657,3487,00:03.906250
30,29,32,32,262,546,31,338,364,512,31,120,30,82,31,29,293,94,31,31,30,30,31,215,29,29,31,31,31,29,32,118,9924,286,18234,4080,18230,-1064,66.79729352678571,178.47921316964286,3584,00:03.921875
30,29,32,31,225,428,31,320,323,559,31,32,31,96,31,30,312,86,32,31,30,30,31,170,29,29,32,32,81,30,31,72,18361,-695,9112,3957,11858,161,67.46713898100694,178.19701537533916,3317,00:03.937500
29,29,31,32,236,354,32,306,320,577,32,31,30,74,31,30,332,73,32,30,30,30,32,179,30,29,31,31,68,30,31,80,15120,1084,12775,3790,12130,51,67.95234423195558,176.01727328809378,3242,00:03.953125
29,29,31,32,230,327,32,310,309,572,31,55,31,78,32,29,366,137,31,31,31,30,31,182,29,30,31,31,51,30,31,102,23207,-5757,9962,5758,11263,-1540,70.05703992794956,174.2178024617232,3331,00:03.968750
29,29,32,32,176,375,31,313,325,549,31,61,31,84,32,29,443,148,32,31,31,30,32,174,29,29,32,32,30,30,31,104,23207,-5757,9962,5758,11263,-1540,71.39932293199882,171.23726817780394,3397,00:03.984375
29,29,31,31,183,470,31,279,350,562,31,84,31,71,32,30,515,173,31,32,30,30,31,164,29,29,32,32,78,30,31,82,32764,-10675,3845,3824,6836,-4092,72.68644769528015,169.44465912227437,3623,00:04.000000
29,29,31,31,194,250,31,274,310,529,31,90,30,64,32,30,210,112,31,31,30,31,31,127,30,29,31,31,146,435,31,30,28114,-11058,2991,-1119,-1457,-4025,68.7657415696807,213.23500447627572,3351,00:04.015625
30,30,31,31,143,62,31,275,282,595,31,77,30,229,68,30,148,69,32,32,30,23,31,92,30,29,72,211,530,2151,86,30,18171,-5569,3385,-5413,-8092,-135,73.40037695207323,312.85774546760007,5571,00:04.031250
30,29,31,24,104,21,30,295,302,667,30,39,27,889,31,29,114,66,31,22,26,21,30,94,31,29,340,2723,1528,2148,231,855,-2785,-367,8652,-6751,-9612,2744,74.64576239992638,375.5705346461765,10867,00:04.046875
28,25,28,20,82,20,28,149,238,447,28,23,24,1179,27,22,68,56,27,20,24,19,44,33,1120,1779,1544,3306,2143,2172,1369,2732,-2785,-367,8652,-6751,-9612,2744,81.8753453038674,416.26073098172543,18824,00:04.062500
25,21,23,44,68,33,26,85,188,193,23,20,73,1541,28,56,30,37,22,19,21,19,31,34,1756,2742,2791,3416,2864,2018,1596,3080,780,4412,20134,1712,-13716,2267,85.91879335165554,424.1273611656415,22923,00:04.078125
25,21,20,32,53,64,26,52,225,191,22,48,646,1722,125,74,26,35,20,19,19,19,26,39,1620,2891,3186,3408,2661,1887,1299,3015,3518,3961,22030,-7,-14798,3394,85.38165504337472,420.7653299880932,23516,00:04.093750
26,21,20,27,58,137,28,46,460,219,22,173,1066,1756,46,1185,145,28,20,19,19,19,28,32,1028,2867,3284,3249,2472,1811,856,2121,1966,3534,11430,-2572,-9021,1923,83.09011078667125,404.9189926142219,23288,00:04.109375
25,21,20,24,80,239,25,34,1100,353,23,612,1166,1734,1609,1761,246,34,20,19,19,18,24,29,275,2728,3312,2860,2384,1749,230,1714,710,2143,9358,-2535,-4508,286,76.7791481194103,375.4729039898722,24487,00:04.125000
23,21,20,27,164,349,22,36,2168,680,23,1048,1186,1684,2667,1925,303,27,20,19,19,18,21,28,59,2430,3316,2502,2295,1686,60,1590,911,1611,9374,-2294,-1641,-19,70.88980935088516,352.47841957936146,26436,00:04.140625
22,20,20,37,271,560,90,42,2485,1140,23,1241,1157,1571,2838,2061,428,32,20,19,33,18,21,31,33,2102,3329,2353,2226,1599,34,1485,911,1611,9374,-2294,-1641,-19,68.64710508028236,338.55392999524526,27341,00:04.156250
21,31,20,42,349,733,569,36,2540,1385,23,1380,1175,1486,2601,2127,506,30,20,19,115,18,20,46,27,1906,3330,2206,2072,1536,24,1407,469,1657,9301,-1175,-369,-3,68.46428057553956,328.1566366906475,27800,00:04.171875
21,40,21,46,460,852,777,44,2573,1597,23,1506,1130,1437,2519,2182,625,38,33,19,227,18,20,55,23,1716,3296,2099,1929,1468,23,1328,277,1959,8019,-395,-19,46,68.1487475572926,318.9915260259371,28145,00:04.187500
21,66,21,51,585,954,923,55,2564,1799,23,1594,1056,1397,2421,2249,685,40,61,19,315,49,27,84,23,1524,3255,2013,1816,1401,22,1199,298,1845,8169,-322,-87,85,67.94839643967222,310.756463690308,28312,00:04.203125
21,109,21,61,673,1009,1019,76,2559,1927,23,1666,990,1337,2340,2271,732,32,110,28,428,120,68,183,22,1364,3191,1914,1714,1343,22,1053,292,1788,8135,-319,-244,95,68.29954970801379,302.411894040667,28426,00:04.218750
21,158,49,63,741,1064,1078,96,2569,2045,22,1723,938,1282,2279,2269,753,37,130,52,495,176,99,335,22,1213,3105,1802,1634,1281,22,868,292,1788,8135,-319,-244,95,68.58507793532951,294.25750325463565,28421,00:04.234375
21,210,71,63,805,1120,1113,133,2570,2207,22,1827,893,1236,2241,2294,792,33,177,80,556,231,123,463,22,988,2999,1661,1566,1231,21,659,306,1760,8182,-189,-420,95,68.45870268749121,285.1256331785564,28428,00:04.250000
21,250,89,97,877,1195,1147,163,2568,2425,22,1932,843,1170,2210,2310,819,40,228,101,616,286,125,591,22,694,2870,1475,1482,1161,23,480,267,1776,8123,-98,-611,101,67.98058732175632,274.7430996752788,28332,00:04.265625
21,283,122,101,943,1265,1177,204,2555,2639,22,2060,795,1106,2174,2258,865,45,283,138,682,330,144,717,21,439,2715,1282,1394,1109,26,347,372,1770,8062,-98,-711,110,67.63617224541788,264.5616021512986,28262,00:04.281250
21,317,161,116,1007,1340,1214,245,2537,2766,22,2172,743,1025,2126,2207,904,39,378,171,743,373,147,868,21,284,2516,1113,1319,1069,24,215,317,1802,8018,-150,-615,142,67.68118639861008,254.98769634436053,28203,00:04.296875
21,358,209,126,1075,1415,1258,320,2516,2836,22,2282,688,922,2084,2114,953,42,456,193,815,434,162,987,20,197,2327,966,1238,1037,26,124,461,1785,8026,-166,-568,164,67.98357722424973,246.19719732133368,28223,00:04.312500
21,368,245,140,1129,1502,1300,358,2479,2880,22,2335,630,770,2036,1985,1008,46,593,225,874,510,170,1127,20,149,2094,850,1190,1026,22,76,461,1785,8026,-166,-568,164,68.77567423704755,237.8987579843861,28180,00:04.328125
21,393,354,155,1178,1567,1315,413,2457,2888,22,2403,577,669,2004,1877,1058,46,685,255,922,570,206,1228,20,123,1883,745,1138,999,23,52,406,1769,8067,-153,-508,175,69.32353253558026,230.6561283013524,28246,00:04.343750
20,419,500,177,1236,1620,1340,515,2448,2916,22,2460,520,594,1969,1731,1085,57,813,289,979,626,225,1322,20,79,1591,619,1085,962,24,37,424,1754,8082,-96,-520,193,69.59697879858658,222.0632508833922,28300,00:04.359375
20,411,693,202,1306,1671,1369,559,2445,2957,22,2514,449,537,1923,1637,1104,62,981,335,1033,692,261,1407,20,55,1227,483,1015,894,24,23,381,1708,8109,-92,-551,225,69.87912533973386,212.92006988810843,28331,00:04.375000
21,453,923,227,1359,1728,1406,616,2410,2960,22,2636,403,470,1868,1482,1154,80,1190,356,1117,775,282,1528,20,41,860,292,929,839,26,24,490,1729,8110,-103,-571,271,70.49073586693336,202.62687300417588,28497,00:04.390625
21,459,1130,270,1425,1770,1442,669,2398,2936,22,2717,327,390,1813,1337,1187,124,1362,382,1198,878,317,1641,19,30,584,156,855,773,23,19,490,1729,8110,-103,-571,271,71.42875078468299,193.51773383553044,28674,00:04.406250
21,460,1332,304,1496,1819,1498,728,2385,2897,22,2750,260,298,1737,1173,1218,191,1459,393,1284,984,368,1770,19,23,373,63,752,712,24,19,456,1768,8172,-74,-657,368,72.6328385127636,185.37591911764707,28832,00:04.421875
21,458,1496,338,1577,1843,1565,809,2368,2828,22,2778,200,212,1625,938,1259,313,1582,405,1376,1098,399,1928,19,19,200,24,645,636,20,20,243,1885,8395,-9,-761,591,74.3245408497295,177.28594810654354,29021,00:04.437500
21,454,1608,349,1656,1898,1664,891,2330,2735,21,2745,113,134,1485,710,1306,448,1616,418,1482,1220,438,2084,19,19,60,19,497,516,19,19,361,2167,8369,53,-1055,1020,76.22675381113334,169.34393322756432,28994,00:04.453125
21,431,1757,376,1722,1962,1819,1003,2294,2610,22,2705,63,63,1244,464,1355,629,1654,473,1587,1335,497,2246,19,19,20,19,390,396,19,19,539,1958,8367,46,-1613,1505,78.6382170834331,162.03740635583074,29233,00:04.468750
21,455,1774,395,1780,2014,2027,1079,2239,2483,21,2520,35,36,944,207,1426,775,1665,618,1681,1450,546,2399,19,19,20,19,265,273,19,19,1002,1940,9089,-19,-2884,1656,81.3490578941969,154.83233594364464,29243,00:04.484375
32,446,1853,417,1791,2055,2271,1138,2161,2376,21,2425,22,25,623,64,1509,905,1658,767,1736,1537,564,2485,19,19,19,19,212,152,20,19,1002,1940,9089,-19,-2884,1656,83.53356607629428,149.26631471389646,29360,00:04.500000
35,449,1866,419,1817,2078,2619,1168,2071,2286,21,2186,21,22,228,30,1607,1010,1678,710,1780,1576,493,2504,19,18,19,19,157,97,20,19,1162,1856,9417,564,-4727,1543,85.45036498863715,145.06168652296674,29042,00:04.515625
36,448,1906,33,1839,2112,2795,1173,1972,2170,21,1961,20,23,156,27,1715,1132,1673,1259,1804,1607,348,2510,19,18,19,21,112,37,20,19,1200,1778,9805,867,-6041,1236,87.25828305464574,141.8124461299776,29005,00:04.531250
41,451,1924,331,1857,2152,2877,1175,1805,2102,21,1819,20,22,134,21,1874,1210,1674,1135,1843,1588,280,2535,18,18,19,19,51,18,20,18,1540,1867,9427,954,-7267,1002,88.21175013758943,138.5732491744634,29072,00:04.546875
46,470,1922,733,1869,2163,2864,1164,1671,2011,21,1444,20,22,101,21,1995,1299,1686,1605,1874,1575,238,2557,19,18,19,19,23,18,20,18,1526,2345,9218,379,-8454,975,89.74797629127858,133.18250635055037,29525,00:04.562500
52,492,1921,557,1875,2128,2838,1162,1466,1925,20,1168,20,22,111,21,2166,1364,1710,1783,1874,1604,216,2562,19,18,19,19,18,18,20,19,1526,2345,9218,379,-8454,975,91.57537576608348,130.94576642585682,29207,00:04.578125
59,533,1887,601,1867,2090,2750,1145,1254,1809,21,885,20,25,59,20,2366,1443,1738,1973,1875,1584,203,2579,19,18,19,19,18,19,21,21,2126,2279,8157,-384,-9006,1384,93.51582584657912,127.40029371112648,28940,00:04.593750
49,620,1830,661,1895,2036,2533,1086,1047,1588,20,594,20,23,78,20,2516,1567,1775,2142,1819,1641,242,2640,19,18,19,20,18,19,22,22,2273,3498,11319,-1290,-10669,2295,95.89284590370292,124.0416273296269,28599,00:04.609375
40,751,1805,650,1887,1803,2157,911,887,1223,20,418,20,25,69,20,2654,1754,1788,2204,1807,1794,253,2819,19,19,19,20,19,19,23,21,3035,5019,13894,-3298,-14529,3886,99.33911813167131,120.71462855505408,27918,00:04.625000
41,778,1505,28,1781,1684,1948,626,763,967,20,664,20,28,24,20,2686,1911,2001,29,1869,1803,370,3085,19,19,19,30,19,19,24,20,3314,5211,14533,-7326,-19865,6110,103.10713134568896,128.26228847703464,24820,00:04.640625
40,870,1053,30,1594,1513,1894,406,481,769,21,309,20,33,23,20,2964,1976,2231,31,1799,1919,449,3066,20,19,21,31,20,19,23,22,5277,6156,20405,-9163,-23882,7800,108.16328210757408,124.81727602803343,23686,00:04.656250
35,924,227,31,1393,1336,1678,350,214,834,25,253,20,32,24,21,3187,1508,1481,35,1839,1851,492,2790,19,20,26,31,20,21,24,35,5277,6156,20405,-9163,-23882,7800,109.79627936080092,125.3354351174432,20776,00:04.671875
50,1179,28,32,1182,1301,1033,300,171,859,28,185,22,46,27,22,3132,665,976,33,1674,1185,244,2292,20,22,28,30,22,23,28,52,7621,7433,20742,-8729,-24132,8631,105.44008643656385,123.49615179681489,16891,00:04.687500
36,1003,29,31,951,1260,578,290,159,741,29,83,24,68,29,25,2715,283,582,31,1088,412,30,1442,22,25,30,30,25,26,30,73,880,7575,21957,-7650,-22937,8914,99.21305418719211,122.34934318555008,12180,00:04.703125
24,297,30,31,481,608,124,268,182,738,31,31,29,68,31,28,1410,207,162,31,427,81,32,456,26,28,31,32,29,31,32,92,-5117,9085,19610,-5680,-22590,9375,89.52529469548134,135.31434184675834,6108,00:04.718750
29,88,31,349,106,65,31,228,216,657,31,30,31,40,31,30,727,202,31,30,30,31,31,278,29,28,31,31,139,31,31,31,-16712,6501,-3300,-9783,-15941,5929,82.67413606911447,143.7702483801296,3704,00:04.734375
29,80,32,32,48,31,31,244,208,650,31,31,31,42,31,29,540,165,32,31,31,31,31,220,29,28,32,31,55,31,32,49,-16712,6501,-3300,-9783,-15941,5929,78.74033242876527,158.1112618724559,2948,00:04.750000
29,55,31,31,76,31,31,231,169,667,31,31,31,54,32,30,675,204,31,31,32,32,31,229,29,28,31,31,61,32,32,38,-4795,10380,15024,-2426,-2170,-1477,83.15577727711619,152.56549726424203,3107,00:04.765625
29,79,31,32,99,31,32,272,164,636,31,31,31,55,32,30,651,172,31,31,31,31,31,253,29,28,31,31,95,31,31,42,-5584,4956,5038,-556,5451,-6113,82.24146649810366,155.284608091024,3164,00:04.781250
29,29,31,31,89,31,32,246,186,644,32,31,31,73,31,30,565,222,31,31,31,31,31,243,29,28,31,32,108,31,32,38,-4831,5507,4526,-916,7253,-7114,81.84045307443365,161.6653721682848,3090,00:04.796875
30,29,31,31,98,32,31,247,175,536,31,32,31,64,31,30,374,218,31,31,30,31,31,261,30,29,31,35,126,31,32,37,-4894,4443,5975,1177,9977,-6859,81.04348597799077,170.7932197373092,2817,00:04.812500
30,29,32,32,64,32,31,222,179,543,32,31,32,70,31,30,346,215,32,33,30,31,31,262,29,29,31,31,138,31,32,32,-4472,2647,6767,1730,14263,-6577,80.78042135851798,173.45713766799855,2753,00:04.828125
30,29,31,195,79,55,31,269,205,602,31,31,31,54,32,30,288,218,32,31,31,32,33,197,30,28,31,31,130,31,31,29,-4472,2647,6767,1730,14263,-6577,75.09138869979579,166.03318584070797,2938,00:04.843750
30,29,31,179,122,78,31,276,212,563,31,31,30,58,31,30,266,113,31,33,31,31,31,205,30,29,31,31,115,31,32,30,-3159,3594,7172,1372,17846,-6043,72.27454096045197,169.7584745762712,2832,00:04.859375
30,29,32,147,142,122,31,251,225,583,31,31,30,66,30,30,314,116,31,31,31,30,31,261,30,29,31,31,90,31,31,49,-1078,3763,7152,2840,19198,-4784,74.1483036614041,168.95129324823648,2977,00:04.875000
30,29,31,145,146,157,31,242,245,604,31,32,31,50,31,29,264,95,31,31,31,31,31,201,30,29,31,31,114,30,31,76,1125,2608,7990,4322,18495,-3252,70.17722805828532,176.00118603863098,2951,00:04.890625
29,30,31,164,200,309,31,262,230,595,31,31,30,63,31,29,329,108,32,31,30,30,31,244,29,29,32,31,90,30,32,90,4039,3331,11063,5296,16808,-2336,72.22571341833637,170.6317547055252,3294,00:04.906250
30,30,32,109,213,386,31,249,235,567,32,31,30,81,32,30,324,85,31,31,30,30,32,217,29,30,32,31,87,29,31,98,4039,3331,11063,5296,16808,-2336,70.98836140888208,176.06830015313935,3265,00:04.921875
29,30,31,144,228,449,32,253,236,590,31,31,31,74,31,30,337,130,32,32,30,29,32,166,29,29,31,31,68,29,31,83,3782,3026,13894,6162,16243,-2472,70.4490946868507,170.09542891065598,3369,00:04.937500
29,29,31,139,215,479,31,278,287,564,31,32,30,65,31,29,293,114,31,31,31,29,31,208,29,29,32,30,70,29,31,99,5056,3056,16833,6492,15525,-2583,69.43795727246122,172.86713491366697,3417,00:04.953125
30,30,31,168,169,466,31,264,291,596,32,31,31,62,31,30,317,112,31,30,32,29,32,205,29,29,31,31,56,30,31,73,5583,2557,18957,5949,16338,-2792,69.6082276614568,168.4929224417576,3391,00:04.968750
29,29,32,144,211,448,31,235,293,599,32,31,30,67,31,30,316,107,32,31,31,30,32,181,29,29,31,31,40,29,31,92,7155,1730,18804,6097,17752,-2587,68.97443181818181,170.7259270334928,3344,00:04.984375
30,30,31,137,184,430,31,317,278,571,32,31,31,58,31,30,351,83,31,31,30,31,32,196,30,29,32,31,41,30,32,107,8653,115,18153,6284,17843,-1953,69.2655090531315,170.0937963787474,3369,00:05.000000
30,30,32,180,196,364,31,305,270,587,32,31,31,61,32,29,327,106,32,30,30,30,31,209,29,29,31,31,41,30,31,127,8653,115,18153,6284,17843,-1953,69.65908419497784,170.03884785819793,3385,00:05.015625
30,30,32,142,186,349,31,318,272,517,31,31,31,56,31,30,353,130,32,31,31,30,32,197,29,29,31,31,41,31,31,113,9843,-120,17370,6292,17120,-1012,71.51003344481606,168.77911219215568,3289,00:05.031250
29,29,31,153,196,369,32,324,252,565,32,31,31,65,31,29,350,145,31,30,31,30,31,199,30,29,31,31,31,30,31,118,12464,-559,14992,6335,15728,-559,71.14021320698845,168.0208765176192,3377,00:05.046875
29,29,31,121,193,400,31,318,271,549,31,31,31,66,31,29,352,123,31,31,30,30,31,217,29,29,31,32,31,30,31,124,16446,-957,11739,6567,12659,-1290,70.96709160984287,170.43121849985175,3373,00:05.062500
29,29,32,48,190,434,31,331,278,552,31,31,30,71,32,29,335,115,31,32,31,29,31,186,29,29,32,31,31,30,31,138,24041,-6150,8543,7045,9095,-2532,69.17640855679421,175.94139801144922,3319,00:05.078125
29,29,32,74,184,467,31,324,303,523,31,31,31,61,32,29,336,96,31,31,31,29,32,174,29,29,31,31,31,30,31,130,24041,-6150,8543,7045,9095,-2532,68.56987624509507,174.7272864473287,3313,00:05.093750
30,30,32,32,174,457,32,278,329,547,32,93,31,78,32,30,228,88,31,31,30,30,32,179,30,30,31,31,72,30,31,81,31953,-11110,4127,3627,3652,-3531,65.80043451272502,183.26303538175048,3222,00:05.109375
30,29,32,86,162,283,31,289,335,509,31,31,30,67,37,30,74,93,32,32,30,29,31,169,30,30,32,32,136,835,31,30,19923,-7959,834,-2072,-4832,-2538,68.80358119190815,239.2597047566977,3658,00:05.125000
30,29,32,157,176,83,31,291,307,542,32,31,30,253,31,30,89,64,32,31,29,23,31,121,30,30,57,99,495,2144,41,31,13113,-4542,5418,-7345,-8286,-1027,73.07198085419735,303.4444035346097,5432,00:05.140625
30,29,31,24,127,40,31,308,308,544,30,24,27,945,68,29,59,84,30,23,26,21,49,52,33,29,216,2551,1525,2079,197,705,-2031,-971,10759,-8715,-8171,-31,74.17373953669457,375.26474596067743,10274,00:05.156250
30,27,29,21,87,30,29,172,311,561,29,20,25,1279,56,23,29,64,28,20,24,19,65,56,535,1162,1117,3193,2143,2089,983,2626,-5347,-2653,18820,-1845,-9811,-577,78.08313588437389,406.8200154010189,16882,00:05.171875
26,23,23,49,76,47,27,359,199,272,24,20,164,1612,28,29,26,36,23,20,21,19,37,77,1248,2463,2521,3377,2754,1928,1431,3013,-5347,-2653,18820,-1845,-9811,-577,83.67306116876024,415.9474558529037,21972,00:05.187500
26,21,21,45,63,77,27,79,289,220,22,46,585,1712,122,55,26,30,21,19,20,19,27,109,1186,2715,3032,3377,2690,1853,1191,3015,3521,3730,18911,-1328,-12225,2108,84.45714599824099,416.4368953386104,22740,00:05.203125
27,21,20,42,58,144,27,54,333,252,22,102,978,1757,218,727,27,34,20,19,19,18,27,31,787,2713,3150,3318,2520,1795,860,2408,1269,4180,10465,-2149,-7762,1674,82.64475319602273,408.1178533380682,22528,00:05.218750
28,21,20,28,87,221,29,45,778,291,22,366,1099,1724,323,1528,124,26,20,19,19,18,28,32,218,2619,3202,3023,2404,1756,379,1846,822,2315,9736,-2692,-4422,328,79.48990735353354,389.2860179922124,22343,00:05.234375
25,21,20,26,151,323,23,34,1732,581,23,847,1138,1648,2309,1872,159,31,20,19,18,19,22,33,37,2369,3228,2615,2313,1731,88,1609,844,1907,9058,-2410,-2683,-135,72.18529740073353,360.2754943390209,25084,00:05.250000
22,21,20,33,252,488,88,42,2461,1056,23,1162,1169,1593,2740,2017,181,35,20,19,40,18,21,32,24,2005,3250,2378,2219,1626,34,1495,844,1907,9058,-2410,-2683,-135,68.11064926271442,342.81306424917244,26584,00:05.265625
21,42,20,46,361,724,663,44,2622,1402,23,1318,1123,1494,2455,2127,341,33,23,19,142,19,20,52,23,1785,3259,2221,2076,1533,22,1370,475,1945,8578,-1840,-667,-52,67.9491485249608,327.9257192867301,27423,00:05.281250
21,77,20,47,501,866,950,54,2583,1642,23,1418,1025,1418,2300,2130,557,32,47,19,309,65,32,113,23,1586,3236,2115,1900,1439,22,1277,284,1975,8128,-945,236,51,68.59275684992997,315.6759974144432,27847,00:05.296875
21,125,21,53,644,949,1096,55,2568,1850,23,1579,959,1326,2194,2133,629,38,119,19,448,171,96,296,23,1369,3174,1984,1740,1362,22,1093,344,1764,8335,-695,121,92,69.28136200716845,303.61645196777744,28179,00:05.312500
21,226,56,61,730,997,1152,69,2557,1962,22,1671,904,1252,2128,2137,727,40,173,74,548,289,150,510,22,1197,3058,1827,1639,1287,21,902,274,1772,8153,-508,-148,78,70.13895244464783,292.0837586680277,28409,00:05.328125
21,304,81,66,785,1037,1204,103,2575,2091,22,1774,868,1202,2084,2043,740,42,254,97,625,378,202,724,22,1012,2957,1698,1553,1223,21,758,274,1772,8153,-508,-148,78,70.61581950570609,282.53082335643774,28566,00:05.343750
21,359,108,75,838,1079,1227,124,2566,2230,22,1876,828,1153,2051,2022,785,36,296,134,687,435,234,875,22,784,2855,1529,1485,1166,21,600,243,1811,8256,-295,-380,61,70.6466009886758,273.4895347614206,28523,00:05.359375
21,419,142,88,892,1143,1237,159,2550,2449,22,1998,787,1099,2005,1995,827,38,362,168,749,497,285,1051,21,507,2691,1296,1407,1095,24,406,177,1773,8121,-130,-614,52,70.47085824832924,262.1179563841013,28430,00:05.375000
21,507,212,135,977,1235,1276,219,2561,2617,22,2224,722,1018,1961,1901,852,53,514,237,829,578,319,1254,21,230,2394,940,1301,998,23,243,211,1848,8083,-134,-807,129,70.23425723744452,246.71050221877863,28394,00:05.390625
21,590,351,135,1078,1337,1336,297,2519,2687,22,2457,640,906,1889,1735,967,68,809,289,934,675,340,1490,20,82,1878,650,1172,913,24,110,285,1850,8116,-286,-978,217,70.84550156574365,229.86617290032015,28421,00:05.406250
21,622,642,180,1190,1454,1399,412,2441,2701,22,2599,549,716,1796,1516,1063,124,1245,319,1040,823,368,1663,20,46,1053,385,1038,838,22,45,453,1662,8150,-315,-994,247,71.79267776523702,210.668065744921,28352,00:05.421875
21,678,1016,232,1304,1575,1469,535,2389,2637,22,2716,435,507,1653,1296,1138,217,1520,356,1155,966,439,1821,20,20,560,162,914,759,23,30,453,1662,8150,-315,-994,247,73.32690222144481,194.5248032184712,28585,00:05.437500
21,681,1299,249,1405,1647,1531,622,2371,2579,22,2775,325,415,1562,1076,1178,344,1634,409,1263,1079,472,1957,19,19,246,56,804,669,20,23,450,1745,8220,-195,-1020,272,74.71835465035451,183.69522452384265,28772,00:05.453125
21,657,1490,274,1509,1719,1601,708,2348,2458,22,2782,236,310,1455,875,1213,507,1717,423,1368,1189,524,2086,20,19,106,19,659,595,20,21,544,1715,8228,-126,-1068,342,76.58115436427066,175.5605160443508,28951,00:05.468750
21,655,1596,293,1607,1781,1680,792,2328,2376,22,2723,150,202,1313,675,1258,621,1720,482,1469,1286,568,2206,19,19,42,19,541,513,20,19,554,1725,8066,-87,-1166,414,78.35097877033361,168.64190446650124,29016,00:05.484375
21,634,1736,322,1671,1831,1766,875,2296,2288,21,2648,112,137,1178,513,1300,762,1684,566,1539,1380,616,2286,19,19,20,19,448,436,19,19,670,1873,8150,11,-1364,429,80.01365614612247,163.20156951441007,29181,00:05.500000
21,623,1788,343,1722,1875,1870,938,2250,2204,21,2524,59,77,989,353,1363,862,1682,671,1591,1451,674,2386,19,19,20,19,398,359,19,19,670,1873,8150,11,-1364,429,81.92411585470232,158.06008422061694,29209,00:05.515625
21,605,1806,336,1735,1891,2025,985,2194,2140,21,2408,51,55,728,197,1428,945,1676,814,1626,1514,727,2490,19,18,20,19,338,301,19,19,641,1861,8526,210,-1895,465,83.86745397826608,153.57925679613314,29171,00:05.531250
21,594,1843,347,1755,1900,2208,1037,2132,2107,21,2277,34,42,427,92,1495,1021,1662,921,1663,1564,778,2533,20,19,19,19,297,255,20,19,724,1889,8338,262,-2426,531,85.54716560290989,149.53366275478692,29142,00:05.546875
22,585,1860,357,1774,1903,2413,1062,2072,2087,21,2161,22,31,192,41,1555,974,1660,1028,1701,1625,775,2568,19,18,19,20,265,201,20,19,951,1821,8251,213,-2712,602,86.70514275885793,146.43352253181973,29070,00:05.562500
22,576,1870,347,1802,1923,2506,1062,2012,2018,21,2068,20,24,129,28,1631,1159,1684,1052,1738,1667,739,2604,19,18,19,24,211,155,20,19,1057,1827,8291,23,-2701,635,88.00121629492583,144.00265529173947,29187,00:05.578125
22,575,1875,53,1817,1935,2573,1048,1938,2017,21,1862,22,25,116,26,1702,1182,1674,1257,1750,1709,668,2634,19,19,19,19,181,101,20,19,1200,1843,8374,25,-2771,677,89.08779154266732,142.46202159318983,28898,00:05.593750