29,29,32,30,261,534,32,307,533,691,32,208,31,33,33,30,64,29,32,30,31,29,32,134,27,29,32,30,121,139,32,30,2444,2001,7956,-1896,1193,12875,55.933578832515,194.64525368248772,3666
30,30,31,31,261,509,31,322,523,714,32,234,30,43,48,30,91,29,32,31,30,29,31,127,29,29,32,31,107,121,31,30,1142,3203,8190,-921,382,10833,55.66257751415476,192.6145861418172,3709
29,30,31,30,264,516,31,351,518,691,32,186,30,45,58,30,68,30,31,31,30,29,31,136,30,29,32,30,103,116,31,30,73,2394,8462,111,-249,8672,55.62681060399016,192.2436458048647,3659
29,30,32,30,249,523,31,370,515,640,32,207,30,77,57,30,89,29,31,31,30,29,31,136,29,29,31,31,96,100,32,29,-1568,2436,8569,199,-908,7533,56.033287858117326,192.3649386084584,3665
30,29,32,30,277,492,32,340,476,593,31,203,30,97,89,30,69,29,31,31,30,30,31,134,29,29,32,30,96,126,31,30,-3559,2294,8956,381,-1129,7164,56.766462906362875,197.54126146151708,3599
30,30,31,31,282,464,31,343,432,622,32,179,30,112,50,30,74,29,31,31,30,29,32,145,29,29,32,31,97,126,32,30,-3559,2294,8956,381,-1129,7164,57.5704185520362,196.72256787330318,3536
30,30,32,31,274,453,31,313,465,673,31,157,30,105,48,30,107,30,31,31,30,30,31,128,29,30,31,30,112,112,31,29,-4845,1980,8841,174,-750,6600,57.360337552742614,194.8382559774965,3555
30,29,31,31,268,434,32,306,430,600,31,113,30,98,33,30,118,29,31,31,30,29,31,101,30,29,31,34,86,102,32,30,-5484,2521,8683,-33,-396,5780,58.073484848484846,193.23924242424243,3300
30,29,31,32,270,455,32,326,404,647,32,99,30,76,35,30,130,36,32,31,30,30,31,82,29,29,31,31,109,93,32,30,-5891,2602,8590,18,12,5040,57.9375,190.34703947368422,3344
30,29,32,31,273,425,31,328,372,662,32,125,30,82,35,30,144,39,32,31,29,29,30,127,29,30,31,31,128,80,31,30,-6222,2855,8486,83,546,4330,59.586815773984696,189.56856974690996,3398
30,29,31,32,262,384,32,350,382,658,31,114,30,93,32,30,121,49,31,32,30,30,32,102,30,29,32,31,116,38,32,29,-5885,3122,8055,360,1004,3532,58.043848964677224,187.5983556638246,3284
30,29,31,31,256,340,31,360,359,640,32,76,30,94,32,29,109,51,31,31,30,30,31,119,30,29,31,31,130,31,31,33,-5885,3122,8055,360,1004,3532,58.90103838892385,188.0059786028949,3178
30,29,32,31,240,274,31,335,313,613,32,35,30,80,32,30,138,57,31,31,30,30,31,100,31,29,31,32,81,30,31,32,-4831,3087,8144,1006,979,2794,60.28605769230769,183.2750686813187,2912
31,30,32,31,223,242,32,319,298,634,31,63,30,72,32,30,121,45,32,32,31,30,32,83,30,30,31,31,114,31,31,30,-3313,2722,8247,1698,621,2170,59.14804469273743,187.25576117318437,2864
31,29,31,32,207,222,31,353,293,647,32,38,31,71,31,30,121,38,31,32,31,30,32,94,30,29,31,31,124,30,31,32,-1867,2496,8483,2196,-352,1839,59.047093837535016,186.94292717086836,2856
30,28,30,32,162,193,32,383,219,629,32,60,30,61,32,31,71,43,32,31,30,31,31,81,40,30,31,31,165,31,31,42,-830,2715,9481,2827,-1316,1763,58.611700182815355,194.881718464351,2735
31,29,32,31,162,188,32,387,221,616,32,37,31,80,32,30,31,29,31,31,30,30,31,89,30,27,32,31,157,31,32,45,-830,2715,9481,2827,-1316,1763,57.0859668924003,197.31264108352144,2658
31,30,32,31,199,161,32,382,222,631,31,46,30,71,31,30,43,29,32,31,30,31,31,83,37,29,31,31,86,31,32,30,-338,2904,11160,3850,-576,1471,56.65017261219793,189.67932489451476,2607
30,29,31,32,209,179,31,370,236,638,31,42,31,88,31,31,46,29,32,31,30,31,31,80,35,30,32,32,68,30,32,33,-421,3140,12188,5001,3452,207,56.258803483528965,189.99943203332072,2641
30,29,31,31,207,183,31,361,240,614,32,33,31,99,31,30,50,29,31,32,30,31,31,110,38,29,31,32,74,31,32,30,1216,1152,9757,3724,7640,-1472,57.9406556141673,190.75979653353428,2654
30,30,31,31,208,210,31,331,269,641,32,46,30,85,31,30,64,29,31,32,30,30,32,131,33,29,31,31,79,30,31,37,2605,2085,7921,2056,8318,-2077,58.46048798252003,189.02713037144937,2746
30,30,31,32,217,243,31,324,300,660,31,59,30,98,31,30,30,29,32,31,30,30,31,114,30,30,31,31,72,30,32,48,2930,2595,8078,2206,7249,-1746,56.070868945868945,192.45103276353277,2808
30,29,32,32,230,280,31,306,315,659,32,64,31,92,31,30,30,29,31,32,31,30,31,111,30,29,31,32,84,30,31,45,2930,2595,8078,2206,7249,-1746,56.17389024816498,192.580915763719,2861
30,29,31,31,257,318,32,319,312,634,32,66,30,100,32,30,31,29,31,31,30,30,31,102,30,29,32,31,90,30,32,43,2889,1726,8068,2309,6631,-1579,56.312349914236705,192.87084048027444,2915
30,30,32,31,259,381,32,289,316,615,31,62,30,106,32,30,31,29,31,31,30,30,32,67,31,29,31,31,96,30,31,45,2934,1571,8297,1913,6367,-1690,55.7500858811405,195.0101339745792,2911
31,30,32,32,260,436,62,311,311,619,32,46,30,109,31,30,30,30,31,31,30,29,31,79,31,29,32,32,93,30,31,42,2763,929,7674,1625,6401,-1980,56.592100896116825,193.00315300365085,3013
31,29,32,31,255,504,76,306,299,671,31,63,30,114,32,30,30,29,31,31,31,29,31,85,30,28,31,32,95,30,31,46,2884,654,7463,993,5818,-1836,56.438173747622066,192.79074191502855,3154
31,29,32,31,266,538,83,313,319,653,31,65,30,102,32,30,30,29,31,32,30,29,32,129,30,30,31,31,100,29,31,43,2884,654,7463,993,5818,-1836,57.938653136531364,190.73708487084872,3252
30,30,32,31,265,601,82,306,317,641,31,48,31,84,31,30,30,29,31,31,30,29,31,108,30,29,31,31,104,29,31,37,2444,707,7685,308,5119,-988,57.69637883008357,189.39043639740018,3231
30,29,31,31,255,652,83,301,335,636,31,53,31,81,31,30,30,29,32,32,30,29,31,193,31,29,31,32,109,29,32,40,2129,618,7341,-144,4913,296,60.04809115122817,188.50221959159515,3379
30,30,31,31,264,683,81,313,338,646,32,50,30,88,31,30,30,29,32,31,31,28,32,174,30,29,31,31,112,29,31,37,1557,389,7222,-212,4082,1573,59.30467153284672,188.23357664233578,3425
30,30,31,31,267,699,81,308,341,665,32,50,30,66,31,30,30,30,31,31,30,29,31,132,30,29,31,34,107,29,31,43,342,417,7727,-371,3720,1876,57.99264705882353,187.8205882352941,3400
30,29,31,31,265,717,84,300,332,644,31,50,30,61,31,30,30,29,31,31,30,29,31,140,29,28,31,31,113,29,31,42,327,520,6948,-743,3270,1657,58.6181603076013,187.54865424430642,3381
31,29,32,32,271,725,87,322,330,660,31,51,30,71,31,30,30,29,31,32,31,28,32,91,30,28,31,32,116,29,31,41,327,520,6948,-743,3270,1657,57.074596182085166,188.42070484581498,3405
30,29,32,31,276,744,88,340,324,654,32,63,31,72,31,30,30,28,31,31,30,28,32,106,31,29,31,32,117,28,32,37,34,694,6894,-1150,2456,1844,57.434248554913296,188.01286127167631,3460
30,29,32,31,284,752,81,343,326,667,32,71,30,84,31,30,30,29,31,32,30,29,32,104,30,29,31,31,113,28,31,39,-625,990,7450,-1230,2102,2417,57.08038263849229,188.13335237007425,3502
30,29,31,32,281,769,56,345,413,661,32,68,29,66,31,30,30,30,32,31,30,29,31,124,31,29,32,30,112,28,32,30,-184,-147,6998,-1600,2129,2894,56.55765993265993,186.27918069584737,3564
30,29,31,31,280,791,49,318,415,658,31,62,29,69,31,30,34,29,31,31,30,28,31,132,29,29,32,31,110,29,31,30,109,711,6741,-2363,1548,3573,56.90171782596452,186.46676992396507,3551
30,30,32,31,283,763,31,326,402,681,31,49,30,71,31,30,30,29,32,31,30,29,31,131,29,29,32,31,109,29,31,30,109,711,6741,-2363,1548,3573,56.50341491178145,186.2169891861127,3514
30,29,31,31,281,745,32,304,371,680,31,44,30,69,31,30,31,29,32,31,31,29,32,154,30,29,31,31,108,28,31,32,694,1584,6882,-2410,866,4092,57.685945633314056,186.15182186234819,3458
31,29,31,32,281,739,32,318,311,674,32,44,30,60,31,30,31,29,32,32,30,28,31,135,29,29,31,31,106,29,32,34,1603,2210,6692,-2029,283,3811,57.74436870183758,185.49303497332542,3374
30,29,31,31,268,745,31,340,322,678,31,64,31,73,31,30,30,30,31,32,31,28,31,126,29,30,32,32,105,28,32,35,2782,2389,6561,-1728,-668,2721,56.96761015465422,186.84665888532243,3427
31,29,32,31,266,435,32,336,299,649,31,47,30,55,32,30,30,29,31,31,30,25,31,62,30,29,31,31,138,1532,32,29,-6881,3550,-4784,-1690,-1886,2619,65.79391440035667,268.38374944271067,4486
30,30,31,32,198,125,31,394,269,601,31,77,29,218,32,29,31,29,32,31,29,23,31,66,30,29,32,300,634,2165,39,36,-1737,3276,5495,-2495,-3288,2486,70.6923076923077,315.5142255005269,5694
31,29,31,26,179,37,31,412,221,625,31,37,28,639,32,29,30,29,35,24,27,21,32,113,30,29,77,2057,1184,2188,70,105,-1737,3276,5495,-2495,-3288,2486,74.63909552485535,358.5007675050183,8469
31,29,32,22,162,22,31,333,229,625,31,28,26,903,32,28,30,29,31,22,26,21,31,87,30,78,196,2764,1560,2150,286,667,-696,3653,6587,-2534,-4234,1470,74.33848846008324,378.94755013242525,10572
31,28,30,21,136,30,30,231,201,555,30,26,25,1079,30,25,30,27,29,21,25,20,30,75,333,888,841,3087,1878,2169,521,1861,-856,2930,12752,-582,-5717,122,78.38185874642683,400.546050338144,14343
29,25,26,20,125,20,28,136,202,420,27,24,24,1221,28,22,28,24,26,20,24,20,39,57,1039,1780,1681,3287,2152,2200,1105,2684,-2770,-210,17297,665,-6602,-265,82.37693469233673,416.05705657121285,18543
26,22,24,20,92,22,27,349,210,291,24,26,23,1467,27,29,26,22,23,20,22,19,32,109,1465,2458,2386,3383,2669,2064,1392,2957,516,2259,11960,270,-6258,788,84.37597809076682,417.31384055969806,21726
26,21,22,20,74,48,26,99,206,231,23,20,71,1573,26,26,25,21,22,19,21,19,39,43,1611,2694,2758,3413,2851,1996,1466,3047,516,2259,11960,270,-6258,788,85.62005142527818,422.874517888017,22557
25,21,21,19,70,60,26,93,220,226,22,44,254,1658,103,35,25,21,21,19,20,19,26,39,1618,2791,2945,3406,2852,1941,1423,3063,217,2836,9848,369,-5313,832,85.34878491740898,421.6379399809738,23126
25,21,21,19,54,74,26,83,233,206,22,35,443,1701,81,67,25,21,21,19,20,19,26,34,1555,2845,3047,3424,2811,1899,1332,3073,111,2116,9295,424,-4018,486,85.21890301520487,421.17646679838504,23282
26,21,21,19,62,96,26,80,256,184,22,44,593,1738,218,76,25,21,20,19,20,19,26,37,1483,2883,3121,3417,2742,1855,1381,3071,93,2201,8460,371,-2836,575,84.64361612056557,419.54193125052916,23622
25,21,20,20,68,109,27,72,312,212,22,53,737,1761,163,233,25,20,20,19,19,19,27,29,1547,2895,3164,3408,2671,1833,1337,2979,252,2610,8582,-208,-1837,573,84.25738467339842,417.98332425524785,23867
25,21,20,20,67,118,26,57,317,194,22,79,837,1780,240,433,25,20,20,19,19,19,26,27,1519,2933,3204,3391,2614,1822,1312,2836,43,2118,8066,-461,-1340,418,83.89707838084948,416.2907073393733,24062
25,20,20,19,62,124,27,56,331,192,22,99,953,1784,212,620,25,20,20,19,19,18,26,27,1606,2963,3233,3377,2543,1802,1276,2701,43,2118,8066,-461,-1340,418,83.77886638340003,415.2867043438802,24241
25,20,20,22,57,130,26,48,309,202,22,127,1019,1795,252,875,25,20,20,19,19,18,26,30,1672,2977,3254,3366,2525,1799,1272,2501,97,2174,8165,-518,-1118,429,83.57518781642986,413.7299730524253,24492
25,20,20,19,57,142,26,46,313,196,22,150,1081,1793,293,1099,24,20,20,19,19,19,28,26,1680,2990,3285,3341,2477,1799,1253,2347,159,2230,8156,-526,-1016,368,83.28778043734026,412.1114446833543,24649
24,20,20,23,54,154,27,44,313,180,22,196,1128,1790,262,1248,25,20,20,19,19,18,26,29,1637,2993,3285,3304,2450,1783,1232,2230,158,2164,8043,-539,-1007,315,83.09300670868063,410.8927220979874,24595
25,20,20,24,52,165,26,42,336,184,23,248,1154,1787,279,1374,24,20,20,19,19,18,26,26,1606,2990,3301,3253,2442,1786,1148,2139,205,2134,8046,-575,-913,311,82.81291673442836,409.00252073507886,24596
25,20,20,24,53,182,26,45,536,197,23,317,1165,1778,395,1459,24,20,20,19,19,18,26,24,1511,2980,3294,3190,2424,1771,1017,2068,205,2134,8046,-575,-913,311,81.84680032401782,404.5246253543945,24690
24,20,20,22,55,205,26,39,655,199,23,386,1191,1767,704,1528,24,20,20,19,18,19,26,26,1429,2975,3301,3138,2414,1759,894,2017,228,2083,8008,-683,-1067,335,80.8764972158795,400.106717942555,24963
24,20,20,19,61,223,26,43,757,214,23,469,1197,1754,1104,1592,24,20,20,19,21,18,25,26,1366,2955,3301,3051,2395,1755,730,1955,294,2012,7988,-700,-1107,277,79.82399809727673,394.995183731716,25227
24,20,20,19,67,249,102,42,1000,243,23,571,1198,1741,1421,1646,23,20,20,19,31,18,24,33,1201,2920,3299,2972,2389,1743,583,1888,231,1977,7838,-854,-1196,309,78.46368649536548,387.8864836325238,25569
23,20,20,19,89,292,142,42,1292,300,23,678,1187,1719,1827,1707,23,20,20,19,56,18,23,33,1006,2877,3309,2861,2344,1725,403,1821,348,1970,7987,-1103,-1220,341,76.77282365641145,379.4955663505282,25938
23,20,20,22,114,358,270,37,1735,373,23,829,1173,1680,1998,1767,22,20,20,19,83,19,36,33,808,2798,3309,2717,2312,1674,270,1778,348,1970,7987,-1103,-1220,341,74.97300834597876,369.8435128983308,26360
22,21,20,21,174,518,593,34,2044,582,23,944,1148,1598,1940,1808,60,20,20,19,102,21,52,46,584,2613,3298,2622,2262,1616,185,1716,353,1958,8106,-1292,-676,265,73.63151986829305,358.12476614532665,26726
22,30,20,29,254,622,957,36,2317,776,23,1042,1095,1538,1788,1851,69,23,20,19,164,47,157,61,411,2426,3292,2533,2185,1556,103,1629,391,1725,8233,-718,-186,121,72.96916405240819,346.5882081564864,27095
22,33,20,37,327,717,1167,37,2422,1024,23,1115,1007,1433,1679,1880,229,41,22,19,304,138,237,124,233,2204,3273,2439,2083,1477,61,1509,325,1807,8131,-565,-107,136,73.13886450102429,333.5389779045947,27336
21,35,21,57,391,814,1304,40,2422,1238,23,1222,923,1329,1554,1862,467,50,35,19,414,269,370,265,149,2009,3240,2314,1992,1388,43,1362,333,1673,8174,-630,-216,158,74.25370812531655,320.5424535127704,27642
21,43,21,84,495,870,1363,39,2366,1410,22,1282,840,1202,1455,1834,657,42,71,20,524,445,490,476,100,1860,3184,2203,1917,1300,37,1160,294,1676,8061,-600,-259,160,75.8556569539755,308.5999892214278,27833
21,55,21,64,585,912,1427,44,2292,1568,23,1370,747,1104,1394,1831,882,55,85,25,655,606,556,731,43,1689,3132,2090,1775,1217,35,893,294,1676,8061,-600,-259,160,77.47987610556093,296.27562931929674,27927
21,87,21,65,703,943,1438,54,2281,1752,22,1521,664,1008,1353,1779,1005,74,127,81,779,792,668,1062,24,1475,3047,1906,1634,1110,34,612,333,1654,8132,-564,-357,171,78.90437779830857,282.1918307156563,28142
20,106,23,73,819,997,1422,65,2220,1968,22,1678,572,890,1349,1658,1163,122,239,132,922,946,729,1447,21,1193,2905,1684,1481,1017,28,346,326,1641,8173,-526,-530,237,80.4271507944934,266.361397175921,28257
20,164,37,85,952,1092,1443,80,2128,2200,22,1832,460,714,1307,1489,1322,167,390,188,1061,1110,820,1822,21,848,2650,1452,1288,931,25,169,294,1597,8201,-450,-730,336,81.87049736646753,248.62243274771112,28289
20,223,104,104,1125,1229,1458,145,2068,2421,22,2020,348,456,1262,1255,1454,336,721,250,1227,1297,887,2142,20,426,2141,1143,1070,855,21,49,346,1695,8350,-310,-949,553,83.09277712993392,225.789056150394,28299
21,285,346,179,1296,1348,1506,266,2004,2444,22,2284,228,318,1142,966,1547,616,1442,325,1414,1439,989,2372,20,134,1102,685,824,719,23,24,346,1695,8350,-310,-949,553,84.34625838333922,197.34011648429228,28330
21,316,822,296,1465,1464,1577,440,1985,2308,22,2499,109,178,935,650,1615,953,1844,382,1572,1574,1095,2539,19,31,374,239,572,594,25,19,152,1908,8490,-13,-1254,934,86.09117193523515,173.37026004065325,28534
21,327,1233,404,1622,1574,1730,645,1946,2137,22,2561,36,72,636,245,1695,1202,1902,533,1713,1689,1225,2768,19,19,53,19,372,450,26,19,-58,2397,8702,411,-1904,1793,88.60586200933771,156.9184506311603,28915
22,380,1441,427,1693,1670,1910,726,1839,2007,22,2296,20,34,319,46,1825,1335,1884,846,1775,1786,1322,2871,19,19,20,19,273,296,26,19,329,1497,8902,-309,-3383,2728,91.3279884880255,148.1741357453661,29187
36,407,1532,21,1708,1718,2112,790,1701,1911,21,3160,20,26,106,30,1966,1434,1861,1148,1817,1853,1294,2852,19,19,20,19,212,200,24,19,1061,1321,9944,293,-5766,2381,91.3505456481235,147.7713601277615,30056
42,436,1624,23,1734,1762,2244,840,1560,1815,21,1633,20,22,80,22,2104,1510,1841,1501,1847,1896,1144,2835,19,19,19,19,146,104,19,19,1324,1812,10128,529,-7236,1779,95.02353042876902,138.82688450899033,28920
42,483,1691,21,1770,1790,2445,887,1364,1729,21,2840,20,21,82,21,2285,1556,1810,1794,1907,1960,888,2805,19,18,19,19,43,39,19,19,1324,1812,10128,529,-7236,1779,93.32707792421205,138.99635192427777,30427
44,531,1697,491,1812,1778,2632,903,1166,1608,21,1083,20,22,70,21,2467,1645,1833,1963,1911,2001,634,2799,19,18,19,19,22,18,20,19,1750,1656,9799,207,-8791,1289,97.29992151777793,128.83313997133692,29306
45,587,1666,508,1813,1665,2590,902,994,1469,21,881,20,24,49,21,2636,1729,1866,2117,1915,2102,620,2809,18,18,19,19,21,18,20,18,2131,2414,8881,-27,-9565,1285,99.21205479452055,126.10647260273973,29200
47,663,1607,565,1791,1546,2578,870,837,1256,21,582,20,22,55,20,2756,1854,1913,2296,1929,2185,558,2853,19,18,19,19,20,18,20,18,2111,2503,9702,-894,-9831,1618,101.51223468507334,122.84436583261433,28975
39,740,1508,578,1764,1389,2469,750,705,1008,20,625,20,22,52,20,2870,2009,1975,2401,1938,2303,519,2996,19,19,19,20,18,18,21,18,2655,3811,11293,-2177,-12222,2640,103.75812205597119,121.15993003602105,28872
35,806,1413,623,1677,1271,2327,574,597,818,20,393,19,22,22,20,2962,2121,2058,2479,2041,2386,537,3140,19,18,20,20,19,19,21,19,2655,3811,11293,-2177,-12222,2640,106.59918992846121,118.5652440735026,28516
22,762,1113,633,1397,1155,2174,352,515,716,20,125,20,24,22,20,2987,2208,2260,30,2250,2364,688,3332,19,19,20,29,19,19,22,19,2872,4774,13389,-4589,-15245,4160,110.94943798067442,123.0846775783869,25355
22,750,788,31,1163,1153,2044,227,355,638,21,316,20,23,22,20,3111,2287,2409,31,2310,2405,744,3328,20,19,20,30,20,19,22,19,4497,5770,17492,-7697,-19086,6186,113.98755484479436,125.23440767622094,24387
22,677,173,33,1184,1031,1946,256,215,616,24,261,20,27,22,20,3246,2217,2047,2359,2142,2365,892,3084,20,19,25,21,20,20,22,20,6471,5832,19579,-9470,-21907,8016,114.59023396949613,119.12249460991775,25046
27,810,28,625,1079,982,1529,305,130,724,27,65,21,35,24,21,3297,1545,1003,1649,1910,2008,760,2612,19,21,28,24,21,21,24,30,6857,6918,26882,-9416,-22291,8724,112.10920855914782,117.14845356008223,21404
28,910,29,530,997,1157,1022,237,138,695,29,43,23,38,27,23,3057,949,598,1103,1439,1108,341,2059,20,23,29,28,23,24,27,43,6175,6067,18603,-7976,-21741,8862,107.35860570339942,115.70042269452878,16797
22,414,31,31,691,1048,555,238,167,759,31,32,26,57,30,26,2520,382,300,31,923,402,30,1285,22,27,31,32,27,27,30,63,6175,6067,18603,-7976,-21741,8862,102.50150631681244,124.72857142857143,10290
27,113,30,32,282,204,169,313,156,683,32,31,30,54,31,29,908,256,30,31,426,154,30,507,30,28,30,31,30,30,30,41,-386,5912,19685,-6346,-19902,9018,92.10045757071548,141.14756655574044,4808
29,71,30,218,89,50,32,255,29,603,30,30,31,38,31,29,400,215,30,30,58,32,31,362,30,28,31,32,151,31,31,29,-23987,10832,-10177,-7296,-13640,7476,84.72609114249038,155.65709242618743,3116
30,61,32,34,85,49,31,269,30,571,31,31,31,31,32,29,520,284,31,31,32,32,31,359,30,29,31,31,150,31,31,29,-6832,12592,17448,-1212,-197,-1120,89.44851258581235,156.1096763648251,3059
29,29,32,161,104,31,31,275,30,605,31,30,30,49,32,29,574,308,31,30,30,31,31,387,30,28,32,31,111,31,31,32,-7571,4819,6681,939,8986,-7367,89.8792735042735,148.22145909645909,3276
31,29,31,170,108,31,32,294,30,609,31,31,31,71,31,29,475,239,31,32,30,31,32,394,30,29,31,31,115,31,32,37,-7571,4819,6681,939,8986,-7367,86.42866102226404,155.09595484477893,3189
30,28,31,158,115,32,31,278,30,622,32,31,31,59,32,29,446,270,31,32,30,31,31,385,30,29,31,31,114,32,32,32,-4387,5453,6025,304,10975,-8677,86.57113434727503,154.7943599493029,3156
31,28,32,137,121,31,31,309,30,649,32,31,30,41,32,29,270,221,31,31,30,31,32,367,31,29,31,31,120,31,32,33,-5110,4820,7182,2777,13127,-7676,81.28336162988116,162.38149405772495,2945
31,29,32,111,142,32,31,351,64,661,32,31,31,50,31,29,197,165,31,31,30,32,31,332,31,29,32,31,82,31,31,35,-3938,2425,7471,4298,17076,-6191,75.76541035575907,166.19760479041915,2839
31,29,31,125,137,58,31,296,93,646,31,31,30,60,31,29,166,127,31,31,31,32,31,231,30,29,31,31,95,31,31,40,-2087,2349,7733,4505,19314,-4574,71.43989579456643,173.50316337923334,2687
30,29,31,52,133,94,32,344,87,565,32,32,30,58,31,29,189,117,32,31,31,31,31,251,30,29,31,33,75,32,32,41,-341,2267,8299,5486,19582,-3149,73.0552380952381,174.40209523809523,2625
31,29,31,43,137,147,32,364,30,543,31,32,31,57,31,29,267,62,32,32,32,31,31,218,31,30,32,31,47,30,31,56,-341,2267,8299,5486,19582,-3149,73.2109224237746,171.5154380548051,2591
30,29,32,32,155,201,31,362,170,553,31,32,31,61,31,29,249,125,31,31,30,31,31,269,30,30,31,31,85,31,31,36,3851,2117,9361,6602,17755,-2543,73.06456043956044,172.13804945054946,2912
30,29,32,31,137,258,33,292,246,582,32,31,31,57,31,29,258,141,32,33,30,30,32,228,29,28,31,31,92,30,31,30,3239,1900,12796,7017,16330,-3214,71.55038759689923,173.13717559824738,2967
30,29,31,31,140,441,31,224,291,574,32,32,30,48,32,29,188,102,32,31,32,29,31,204,30,29,31,31,79,29,31,37,4315,3313,15382,6900,15767,-3739,67.76085493099967,178.6334567485695,2971
30,29,31,42,148,471,32,273,289,614,32,50,30,47,31,30,135,117,31,32,31,30,31,228,30,29,31,31,63,29,32,35,5936,2460,16681,6719,15915,-3386,66.19489334195217,177.20765998707176,3094
30,29,31,31,138,481,31,297,302,587,31,52,32,67,31,29,131,121,31,31,31,30,31,239,30,29,31,31,75,30,31,30,5936,2460,16681,6719,15915,-3386,66.35611625678698,179.40498243372724,3131
30,29,31,114,187,463,46,302,300,596,31,46,31,68,31,29,139,107,32,31,31,29,31,255,30,30,31,31,72,30,31,39,6504,2851,18207,6256,16707,-2593,66.7779469996954,175.3084069448675,3283
30,28,30,54,213,459,49,305,289,595,31,47,31,67,31,30,148,119,31,32,31,29,31,243,30,29,31,31,75,30,31,46,7857,1319,18302,6559,17354,-2442,67.04867936117937,177.57309582309583,3256
31,29,31,32,189,404,50,326,298,573,31,46,30,54,31,29,121,108,31,32,31,29,31,265,30,29,31,31,71,30,31,43,8486,815,17678,6327,17097,-2994,66.90744884910485,178.28836317135548,3128
30,29,31,31,227,448,91,297,314,562,32,51,30,75,31,30,84,103,32,31,30,30,31,236,30,29,31,32,70,29,31,62,8813,-965,17342,7183,16351,-2704,65.5009375,183.89046875,3200
30,29,32,31,204,470,111,306,309,539,31,54,30,57,31,29,59,111,31,32,31,30,31,277,31,30,31,32,92,30,31,60,10670,-4543,14234,6145,14880,-1437,66.96766707920793,184.35751856435644,3232
30,29,32,31,198,492,119,317,311,554,31,55,31,58,31,30,97,125,31,32,31,29,31,295,30,30,31,31,90,30,31,53,10670,-4543,14234,6145,14880,-1437,68.2124925283921,180.92364016736403,3346
30,30,31,53,193,518,139,307,316,573,32,32,30,59,31,30,96,142,32,32,31,29,32,231,30,30,31,32,84,29,31,60,13916,-1092,11100,4698,12054,210,67.0773241954708,180.4378724672229,3356
31,29,32,50,216,542,154,352,315,526,32,32,31,55,31,29,117,116,32,32,31,29,31,245,30,29,31,32,81,30,30,57,19716,-3181,8376,5613,8628,1375,67.54604105571848,178.4781524926686,3410
30,29,31,32,158,545,170,309,312,595,31,31,31,75,31,29,137,134,31,31,31,30,31,237,30,29,31,31,81,29,30,61,23922,-8850,5479,3785,4060,367,67.70143149284253,180.70595968448728,3423
31,29,32,31,196,482,153,296,297,569,31,31,30,78,31,29,131,116,32,32,31,30,31,266,30,29,31,32,83,30,30,72,14571,-4154,7143,-337,-1420,-320,68.56294749403341,182.28236873508354,3352
31,29,32,31,187,397,118,327,308,571,31,32,30,74,32,30,131,138,31,31,30,30,31,248,30,29,32,31,93,31,31,65,14571,-4154,7143,-337,-1420,-320,68.05608190709046,181.89746332518337,3272
30,30,32,32,187,317,96,289,303,575,32,31,30,74,31,29,144,121,31,32,30,30,31,240,30,29,31,31,98,30,31,79,8033,-2628,8524,-1777,-3366,-10,68.06058673469387,184.3343431122449,3136
31,30,32,31,175,229,31,321,323,551,32,31,31,61,115,29,50,77,31,32,30,29,31,262,30,29,31,31,145,737,31,30,9661,-10803,32690,-6326,-2134,181,68.60098387537579,235.80322492484285,3659
30,29,31,32,177,79,31,357,282,611,31,43,29,250,31,29,51,90,31,31,29,23,31,122,29,29,91,305,538,2152,66,30,74,-2260,7443,-8196,-5860,1351,72.94318181818181,314.169493006993,5720
31,29,30,24,128,47,31,332,326,721,30,24,27,860,78,30,30,60,31,23,26,21,30,80,30,29,279,2504,1423,2057,204,619,-488,-2379,7857,-8439,-6539,2812,73.24744948008633,370.2640769079851,10194
31,28,30,54,108,21,30,216,311,629,29,21,36,1221,44,23,29,58,29,21,24,20,65,72,361,795,863,3119,2018,2075,853,2387,934,2522,11915,-3635,-7755,2756,76.24860764355675,400.3668139043595,15621
26,23,25,39,72,38,26,106,222,335,25,20,65,1511,26,25,26,47,24,19,22,19,50,59,1492,2325,2190,3363,2650,2009,1676,3022,934,2522,11915,-3635,-7755,2756,83.67799045279696,420.91516429531447,21577
25,21,21,33,63,56,25,76,189,155,22,20,336,1664,135,37,25,39,21,19,20,19,61,47,1766,2793,2928,3431,2771,1932,1705,3132,3561,5975,19523,-2168,-10777,2874,85.4042904990037,423.4979225844745,23587
24,21,21,34,58,86,25,66,262,165,22,54,630,1727,186,93,24,36,20,19,19,18,39,38,1788,2915,3129,3407,2712,1864,1535,3062,946,2886,11884,-1191,-8218,1041,85.0205817668783,420.90308726503173,24099
24,21,20,34,64,119,26,63,259,172,22,77,831,1755,237,445,24,23,20,19,19,19,44,38,1686,2943,3214,3378,2607,1833,1365,2758,239,2057,8844,-1430,-5010,366,84.48917587648495,417.0608675855789,24159
25,20,20,24,66,150,27,55,293,201,22,109,945,1749,199,896,25,26,20,19,19,18,27,36,1484,2916,3244,3358,2528,1810,1118,2381,401,2334,8954,-1871,-3241,306,83.85312631137222,412.42016365925303,23830
26,20,20,23,64,191,28,42,483,241,22,246,1100,1748,122,1385,29,24,20,19,19,18,28,30,1114,2911,3289,3232,2445,1782,881,2036,401,2334,8954,-1871,-3241,306,82.26575852440985,404.43745240714105,23638
26,20,20,24,70,243,26,43,853,254,23,447,1169,1730,995,1603,69,24,20,19,19,19,26,36,811,2909,3304,3061,2386,1756,500,1892,630,2373,8471,-1714,-2241,174,79.28534246013854,389.9967209083084,24397
25,20,20,23,85,270,24,37,1107,318,23,634,1208,1730,1810,1730,94,31,20,19,19,19,24,36,720,2848,3320,2900,2362,1732,347,1807,546,2139,8458,-1309,-1401,-16,76.87195410456589,379.8135005125779,25362
24,20,20,26,118,306,62,29,1517,375,23,756,1225,1716,2229,1797,160,29,20,19,19,18,22,36,578,2828,3327,2798,2326,1724,208,1753,430,1887,8285,-1064,-883,-25,75.07162555538532,370.56566952658187,26108
24,20,20,25,170,356,96,33,1810,447,23,868,1214,1686,2400,1841,173,29,20,19,26,18,22,41,456,2738,3324,2708,2296,1684,128,1701,294,1944,8074,-940,-411,10,73.66242050272562,363.6157821017565,26416
22,20,20,23,188,476,296,38,2077,605,23,953,1202,1633,2346,1866,220,37,20,19,48,18,22,40,295,2603,3323,2625,2254,1629,98,1665,364,1829,8249,-535,-226,9,72.55600284601557,355.20476333133615,26704
22,20,20,28,245,566,641,36,2174,785,23,1030,1168,1592,2229,1897,310,28,20,19,97,18,21,52,211,2442,3316,2543,2186,1591,58,1618,364,1829,8249,-535,-226,9,72.21628526994002,346.48302229134265,27006
22,26,20,37,320,664,879,35,2259,970,23,1128,1118,1545,2100,1935,472,36,20,19,157,20,38,57,108,2244,3294,2434,2116,1536,37,1545,286,1807,8080,-253,-349,12,71.89944513853163,336.69194164768135,27214
22,20,21,49,404,777,1027,45,2365,1229,23,1218,1056,1478,2013,1987,549,51,20,19,250,46,104,75,54,2012,3264,2332,2016,1465,34,1444,296,1876,8015,-293,-415,44,71.36057009720048,326.8550001820234,27469
21,21,21,50,514,864,1159,42,2366,1463,23,1314,975,1401,1920,2019,676,48,40,19,355,123,134,146,30,1808,3210,2240,1905,1385,30,1313,328,1844,7935,-403,-390,74,71.52058983173512,316.9422109643568,27635
21,35,21,53,582,930,1266,52,2349,1624,23,1406,909,1326,1831,2045,791,45,60,19,462,216,178,276,22,1649,3167,2134,1806,1329,26,1129,404,1778,8081,-495,-307,98,72.19122093441797,307.65353466273126,27782
21,78,21,52,669,969,1332,59,2285,1724,22,1458,840,1244,1773,2028,907,36,86,75,579,340,227,521,22,1517,3111,2016,1705,1261,25,907,404,1778,8081,-495,-307,98,73.62054819061268,297.37085274095307,27910
21,99,36,58,731,1006,1365,78,2274,1862,22,1499,787,1168,1695,1969,986,45,152,131,662,440,332,755,22,1363,3032,1910,1622,1208,21,733,338,1772,8082,-468,-289,110,74.81756516165788,287.43362768836346,28084
21,125,44,67,788,1040,1409,78,2249,2012,22,1560,721,1096,1630,1856,1049,53,186,178,743,541,383,1021,22,1198,2966,1794,1552,1155,21,583,301,1699,8129,-435,-287,110,75.93212725916983,278.110055746902,28163
21,151,64,61,855,1086,1428,100,2260,2150,22,1621,666,1022,1587,1720,1082,62,267,248,820,639,451,1312,21,1019,2849,1668,1466,1090,24,438,336,1679,8192,-393,-337,122,76.91876547576936,267.868942341705,28270
20,188,85,75,931,1139,1454,121,2212,2344,22,1696,612,945,1565,1627,1174,67,369,284,900,739,474,1513,21,771,2702,1554,1374,1026,21,307,319,1724,8123,-330,-373,130,77.42930255541437,257.09358675702384,28332
20,212,119,80,1011,1207,1473,153,2210,2484,22,1779,556,843,1525,1521,1228,119,525,330,975,844,532,1742,21,568,2503,1389,1271,962,20,175,304,1728,8187,-320,-546,183,78.23399838136459,245.3220380731201,28419
20,247,214,92,1103,1287,1485,183,2215,2606,22,1919,486,673,1474,1383,1264,194,757,377,1070,977,600,1957,20,363,2140,1171,1158,916,20,86,304,1728,8187,-320,-546,183,78.98764001544998,231.14245584465746,28479
21,265,392,122,1211,1392,1497,298,2209,2634,22,2103,394,468,1424,1200,1293,368,1121,425,1184,1134,659,2111,20,185,1565,914,1011,843,22,38,353,1700,8249,-289,-794,278,79.8390436153442,213.55994044491155,28545
21,293,741,139,1329,1472,1527,421,2200,2605,22,2312,283,352,1334,951,1334,556,1479,464,1307,1278,746,2271,20,68,883,561,877,714,26,22,383,1742,8247,-222,-981,410,80.80293973713647,194.44816135346755,28608
21,310,1056,200,1462,1549,1579,541,2189,2491,22,2544,166,225,1220,663,1372,752,1718,527,1449,1406,798,2458,20,30,385,171,693,625,22,19,127,1972,8407,-71,-1173,687,82.22942160861834,177.00984903950075,28683
21,310,1335,277,1569,1638,1742,641,2172,2390,22,2631,79,126,921,445,1417,929,1809,556,1583,1513,905,2573,19,19,115,21,511,528,23,19,508,2244,8291,198,-1567,1447,84.05154371253334,164.90105339755362,28859
21,316,1527,310,1645,1704,1912,719,2129,2304,21,2532,41,52,649,167,1492,1045,1811,695,1709,1626,969,2765,19,19,20,19,345,404,24,19,508,2244,8291,198,-1567,1447,86.47545642438857,155.865742335515,29030
21,336,1575,335,1711,1762,2070,784,2053,2202,21,2389,24,32,423,50,1579,1169,1817,796,1766,1703,1026,2818,19,19,20,19,253,289,20,19,1021,2011,8284,-85,-2558,1961,88.38485576923077,150.40408653846154,29120
21,344,1655,377,1736,1801,2276,833,1980,2096,21,2493,20,23,187,28,1668,1274,1792,746,1806,1749,1001,2819,19,19,20,20,199,217,20,19,1065,1674,9331,267,-4098,1683,89.30479183032207,147.61250384234435,29279
22,366,1692,28,1760,1844,2416,875,1845,2065,20,1981,20,22,99,23,1814,1325,1786,1177,1839,1799,857,2793,19,19,20,20,160,122,20,19,2845,3079,8247,508,-5394,1349,91.26194270274016,143.18138358679462,28867
25,374,1742,410,1769,1873,2612,916,1674,1945,21,1607,20,22,102,21,1970,1428,1759,1463,1867,1820,645,2773,19,18,19,20,106,70,20,19,1945,1806,9556,324,-6124,1040,92.53794298260661,137.34297917595802,29149
30,394,1759,409,1790,1887,2712,918,1497,1884,21,1361,20,23,86,21,2135,1479,1792,1676,1905,1847,499,2785,19,18,19,19,45,28,20,19,1674,1992,9189,138,-7040,926,93.9320671772504,133.55076072397569,29117
32,422,1727,445,1811,1875,2713,912,1303,1762,21,1315,20,23,74,21,2311,1573,1815,1893,1917,1883,422,2797,19,18,19,20,24,18,20,18,1674,1992,9189,138,-7040,926,95.29338645145847,130.90929453202475,29243
35,437,1724,480,1822,1772,2642,885,1146,1656,20,897,20,23,74,20,2459,1660,1851,2070,1900,1949,394,2815,19,18,19,20,21,18,20,19,1891,2139,8942,-56,-7837,1022,97.4724096177132,127.39757827365507,28905
36,462,1659,590,1813,1683,2626,849,985,1512,20,629,20,21,35,20,2586,1770,1867,2187,1918,2025,359,2855,19,19,19,20,19,18,21,20,2438,2313,8851,-760,-8420,1339,99.59687260302628,124.31197266578341,28682
38,481,1598,592,1771,1544,2539,780,842,1305,20,447,20,25,58,20,2703,1940,1917,2280,1933,2141,357,2958,19,18,19,20,18,19,21,19,2572,2721,10434,-1628,-9416,1941,102.1839470170754,122.08901342140398,28462
30,515,1526,608,1714,1444,2310,615,722,1051,20,270,20,21,35,20,2796,2126,1976,1856,1980,2082,417,3093,19,19,19,28,19,19,22,19,2757,2902,10884,-2911,-11901,2898,105.10897085111816,120.5948524315056,27411
30,543,1266,29,1568,1326,2188,401,613,862,20,482,19,28,23,20,2834,2228,2153,30,2083,2253,420,3261,19,19,20,30,19,19,22,20,2757,2902,10884,-2911,-11901,2898,108.84594333547972,127.36059240180296,24848
22,546,1045,31,1281,1251,2061,231,492,784,20,296,20,25,23,20,2883,2263,2294,31,2255,2246,423,3381,20,19,20,31,19,19,23,20,3586,3774,12472,-5337,-14857,4092,112.00112056443245,125.74376426644533,24095
21,434,527,30,1208,1134,1999,170,273,650,22,269,20,29,23,20,3067,2394,2361,31,2102,2306,552,3314,20,20,22,30,20,20,23,21,4494,4597,15393,-7940,-18375,5798,115.70906104098219,124.98141103233615,23132
21,500,27,32,1193,1088,1840,175,174,706,26,207,21,30,23,21,3170,1971,1328,32,1995,2216,641,3002,20,21,27,31,20,20,23,25,6801,3566,19184,-8919,-20321,7153,115.94647532240862,126.62103655580336,20626
21,536,28,31,1127,1087,1419,201,169,907,28,131,21,41,26,22,3071,1162,927,32,1718,1677,433,2518,20,23,28,31,22,22,26,39,7443,3078,17895,-9191,-19848,7608,111.72856817145463,126.76516187870497,17544
21,373,29,32,977,1239,924,206,141,764,29,32,24,73,28,24,2710,514,530,31,1251,740,202,1809,22,26,30,32,24,25,29,46,2354,5048,16095,-8127,-19311,7183,106.60953080312282,127.08858313364767,12937
23,154,30,459,612,978,480,227,172,715,31,30,27,58,30,27,2112,233,154,30,732,190,31,888,24,28,31,30,28,28,30,86,2354,5048,16095,-8127,-19311,7183,97.36897106109325,125.87534451079468,8708
29,56,32,31,189,129,34,271,29,612,31,32,30,47,31,29,480,164,31,31,114,31,32,375,30,28,31,31,30,31,31,63,-3897,5929,15398,-6830,-18075,6676,84.74928457869635,155.40620031796502,3145
30,28,31,34,116,32,31,241,71,532,32,32,31,32,31,30,493,215,31,32,31,31,31,370,30,29,31,31,73,32,32,46,-11332,5554,-1613,-7105,-14892,3895,88.520717270195,156.59035515320335,2872
30,29,31,84,88,70,31,226,30,539,31,31,31,78,32,30,534,271,32,31,31,31,32,323,29,28,31,31,74,31,31,39,-4224,8805,14047,-296,-3186,-1604,89.37407407407407,154.90892255892257,2970
29,28,31,117,111,31,31,288,54,548,31,31,31,75,31,29,575,206,31,32,31,32,32,334,29,29,32,31,65,31,32,36,-4997,3684,6081,1585,4145,-5270,87.2644073346431,151.78880157170923,3054
29,29,32,136,112,31,32,223,78,552,32,31,31,75,32,29,437,214,32,31,31,31,31,308,30,28,31,30,77,31,32,59,-4997,3684,6081,1585,4145,-5270,84.54713747000343,160.6967775111416,2917
30,29,31,137,138,32,31,293,73,530,32,31,30,81,31,29,336,220,31,31,30,32,31,318,29,28,31,31,76,31,32,39,-4484,4111,5689,975,6349,-6625,82.43307905686547,161.4634188626907,2884
30,30,32,119,105,32,31,304,98,527,31,31,30,67,31,29,188,139,32,31,30,30,32,269,31,30,31,31,109,31,31,36,-5003,3618,7490,1547,9878,-6976,75.75594325153374,174.34585889570553,2608
31,29,32,96,135,65,31,303,31,532,31,31,30,62,31,29,205,235,31,31,31,31,31,322,31,29,31,31,69,31,31,37,-3801,2866,6897,1253,14500,-6513,81.20121951219512,165.71526237989653,2706
31,29,31,52,146,96,31,349,30,545,32,32,31,59,30,29,172,160,31,32,30,31,32,269,31,29,32,32,55,31,32,49,-1769,2933,6266,1503,16450,-5287,75.7285659361784,172.00576701268741,2601
31,29,31,31,163,120,31,328,30,536,31,32,32,63,31,29,202,162,31,31,30,32,31,227,30,29,31,31,71,31,31,55,-1092,2510,7094,2399,16476,-4169,75.55032654629274,174.47791010372646,2603
31,29,32,31,137,142,31,343,37,556,31,31,30,85,31,29,226,113,31,32,30,31,32,248,30,29,32,31,89,30,32,48,-1092,2510,7094,2399,16476,-4169,74.49119850187266,177.04737827715357,2670
30,30,31,31,152,195,32,327,167,543,32,31,30,79,32,30,195,124,31,32,30,30,32,285,30,29,31,31,71,30,31,53,819,2839,7802,3186,16070,-3663,72.65368346845258,177.16002819880154,2837
31,28,30,32,149,273,37,349,215,581,32,31,30,77,32,29,187,114,31,32,31,30,31,232,30,29,31,32,61,30,31,52,2707,3107,10814,4926,15186,-3903,68.69489795918368,177.31462585034015,2940
30,30,32,32,186,466,31,284,286,535,31,32,30,72,32,29,164,105,31,31,30,29,31,242,30,29,31,32,31,29,32,53,2558,2132,12903,5955,15401,-4248,67.70844198174707,177.32545632333768,3068
29,29,31,30,141,654,48,269,306,535,32,32,31,69,31,29,174,120,32,32,30,29,31,264,30,29,31,31,30,29,31,75,4786,2140,14386,5973,15302,-3475,68.34274438372799,178.26138433515482,3294
30,29,31,32,145,729,55,266,309,572,31,32,31,48,32,29,167,81,31,31,31,29,31,231,29,29,32,32,31,29,32,78,4786,2140,14386,5973,15302,-3475,65.8809022556391,178.76977443609022,3325
30,30,32,31,195,720,77,247,325,523,31,31,30,66,31,29,143,107,31,32,31,29,31,232,31,29,31,31,30,29,32,69,5611,1339,15274,5686,15092,-2175,66.9167662881052,179.38971906754333,3346
29,29,31,32,219,727,97,252,324,522,31,32,30,57,31,30,166,117,31,31,30,28,31,200,29,30,31,31,31,29,31,60,5395,692,16743,5091,15451,-839,67.0229357798165,176.90130216040248,3379
30,30,31,31,212,678,87,245,319,498,32,32,30,74,31,30,174,112,31,31,31,29,31,206,30,29,31,31,31,29,31,57,6523,-175,16536,4924,16205,28,67.65874697336562,177.98516949152543,3304
30,29,31,31,205,647,32,283,305,545,31,31,31,63,31,30,164,114,31,31,31,29,32,207,29,29,31,31,31,30,32,58,7507,-684,15727,4669,15849,404,66.25482388973967,176.84196018376724,3265
30,29,31,32,181,541,32,308,300,541,31,56,31,63,31,30,188,155,31,31,31,29,31,189,30,29,31,31,31,30,32,65,8354,-1068,14583,4174,14177,791,67.1303002166512,176.0594243268338,3231
29,29,31,32,205,439,32,275,276,509,31,44,31,62,32,30,263,169,32,31,31,30,32,212,29,29,32,32,31,30,31,71,8354,-1068,14583,4174,14177,791,71.32313997477932,172.85025220680959,3172
30,30,31,31,164,338,32,301,242,489,31,31,31,73,31,30,222,143,31,31,31,30,31,207,29,29,31,31,31,30,32,74,9370,-2244,13546,3388,11140,1390,70.58879781420765,176.34562841530055,2928
31,29,31,44,146,212,32,275,206,556,31,31,30,79,31,29,257,177,32,31,32,31,32,233,30,29,31,32,31,31,31,90,10353,-1515,13292,2773,8806,1982,73.31850838179952,174.86024632227165,2923
30,29,32,32,152,207,31,320,198,574,31,31,31,88,31,30,349,161,31,31,31,30,32,170,30,29,31,32,30,31,31,87,12520,-2378,11776,4602,9563,1369,72.33171304056319,172.18069057995308,2983
29,29,31,31,165,273,31,319,232,577,31,32,31,89,31,30,369,134,31,31,31,30,32,195,29,29,32,31,30,30,31,90,22826,-7556,5726,5168,8444,-800,71.79172015404365,172.102053915276,3116
30,29,32,49,146,368,31,275,241,604,31,54,31,81,31,29,268,155,31,31,31,29,31,219,30,28,32,31,30,29,32,101,22826,-7556,5726,5168,8444,-800,70.14242902208201,176.21056782334384,3170
30,29,31,53,148,396,32,326,264,570,32,53,31,80,32,29,160,163,31,31,30,29,31,247,30,29,31,31,30,30,32,104,26082,-9055,3126,2120,2580,-2700,68.23259842519685,179.59291338582676,3175
30,29,31,79,209,357,32,329,263,571,31,53,30,85,32,29,159,143,31,31,31,30,31,211,30,29,32,30,30,30,32,61,18513,-5386,5653,-916,-3484,-2125,67.10076652826572,175.3757585435963,3131
30,30,32,31,212,270,31,328,292,478,32,30,30,50,32,29,33,131,31,32,30,29,30,251,33,29,31,31,104,948,31,29,1445,-5728,10555,-4196,-6659,282,71.77299465240641,242.4534759358289,3740
30,29,31,31,149,66,31,370,254,668,31,31,32,337,31,30,46,49,31,29,29,22,30,121,31,28,59,1133,474,2171,37,35,-1744,1537,8773,-4534,-7452,1934,73.24969116738728,334.62615812229774,6476
30,29,30,22,134,33,30,346,289,707,31,22,28,1069,76,27,70,64,30,21,27,20,30,113,30,28,349,2810,1521,2035,344,1271,2461,3433,12928,-4155,-7522,1911,72.70101148637065,378.29165952340134,11666
30,26,28,30,85,37,28,127,255,488,27,20,85,1430,61,44,29,50,27,20,22,19,58,65,683,1571,1526,3263,2483,1959,1011,2835,2461,3433,12928,-4155,-7522,1911,80.07157203343829,410.6975626967756,18422
27,22,22,24,50,61,27,83,363,194,23,35,587,1703,121,39,28,40,22,19,20,19,33,42,906,2536,2829,3334,2621,1860,1043,2927,2400,1054,18101,-2715,-12863,2975,83.54376731301939,415.6902816251154,21660
27,21,21,20,61,164,28,48,377,228,22,194,1074,1749,37,1285,27,40,20,19,19,19,44,42,734,2695,3180,3184,2442,1772,684,2011,3956,4185,15774,-3862,-8132,1783,82.32535445082556,403.78847361809045,22288
26,21,20,22,87,282,25,29,1207,375,23,654,1161,1697,1668,1786,25,27,20,19,19,18,24,38,387,2656,3253,2822,2374,1742,249,1710,826,1803,9515,-2513,-3742,41,75.69259380364588,376.74783372843945,24466
24,20,21,29,191,374,77,29,2084,617,23,1005,1144,1655,2486,1923,23,29,20,19,40,18,22,47,126,2485,3277,2558,2296,1694,96,1579,647,1806,9264,-1953,-1266,-177,71.11071414851523,357.2357957819523,26031
22,21,20,28,261,534,245,36,2588,982,23,1138,1144,1565,2627,2018,79,28,20,19,73,18,21,48,46,2228,3292,2436,2223,1625,51,1498,647,1806,9264,-1953,-1266,-177,68.77874021589939,343.9846422079608,26957
22,20,20,47,307,674,610,36,2712,1172,23,1148,1146,1521,2470,2048,138,28,20,19,116,18,21,56,37,2100,3297,2345,2139,1562,33,1466,497,1967,8302,-1180,-271,-65,68.6053487267546,336.0746227759307,27371
22,21,20,46,365,726,754,47,2722,1301,23,1230,1129,1510,2429,2087,190,30,21,19,154,20,31,51,36,2023,3303,2278,2089,1531,26,1442,366,1915,8122,-334,-17,-41,68.42657898540251,331.4518535915595,27676
21,29,20,48,393,762,811,40,2703,1345,23,1361,1127,1517,2390,2104,268,30,26,19,200,21,48,62,35,1977,3300,2240,2034,1448,34,1422,323,1856,8128,-70,-114,-24,68.46133965108766,328.0190789001364,27858
21,48,20,50,415,903,834,39,2701,1371,24,1399,1120,1612,2400,2120,315,32,27,19,215,28,42,61,35,1935,3290,2209,2004,1412,39,1406,301,1855,8078,63,-230,-20,68.26463795921268,325.5309280181909,28146
21,53,21,49,432,815,836,45,2729,1443,23,1450,1113,1491,2386,2140,309,32,24,19,244,32,88,72,29,1853,3280,2156,1973,1459,33,1366,308,1888,8088,133,-339,-19,68.13631496287836,323.55064962878356,28016
21,53,20,51,483,850,854,46,2765,1560,23,1525,1102,1462,2409,2182,328,42,23,19,246,38,72,69,23,1714,3262,2079,1937,1440,23,1315,308,1888,8088,133,-339,-19,67.46524111856185,319.9108646026537,28036
21,73,21,46,531,907,897,56,2820,1691,23,1602,1078,1434,2405,2226,337,45,31,19,274,53,70,80,23,1541,3209,1986,1881,1393,30,1242,303,1931,8102,132,-470,-15,66.72563736851488,314.98343733285793,28045
21,109,21,53,582,977,925,58,2880,1883,23,1733,1044,1393,2404,2312,333,45,45,19,330,78,78,95,23,1297,3135,1850,1818,1332,22,1090,283,2001,7995,73,-551,30,65.68210868323337,307.9072229363039,28008
21,148,21,51,661,1056,971,70,2897,2131,23,1865,1003,1331,2370,2421,357,45,56,19,367,126,101,135,22,1008,3069,1693,1740,1278,21,915,426,1925,8013,-37,-523,82,64.77845455844528,299.45827379251216,27992
21,198,21,65,735,1138,1015,80,2907,2328,23,1973,954,1266,2359,2527,378,38,75,32,449,169,101,218,22,778,2983,1558,1645,1218,21,675,368,1918,7985,-119,-422,113,64.23391133357168,290.5301573114051,27970
21,239,32,122,804,1204,1062,77,2887,2495,22,1978,893,1199,2310,2588,451,44,127,77,525,222,122,321,22,590,2903,1480,1569,1177,21,533,368,1918,7985,-119,-422,113,64.52893267418288,281.8588042821069,28117
21,280,77,69,860,1257,1107,123,2858,2567,22,2071,849,1153,2289,2561,502,43,156,120,578,258,120,404,21,514,2794,1358,1518,1145,21,424,398,1859,8045,-148,-361,134,64.67590618336887,275.4797619047619,28140
21,308,88,70,916,1302,1126,148,2838,2634,22,2093,816,1105,2263,2520,548,43,197,171,629,296,138,494,21,421,2734,1280,1460,1112,21,347,414,1836,8074,-143,-296,116,65.05560286707828,269.7077034986871,28182
21,326,102,75,961,1357,1148,191,2796,2705,22,2067,776,1045,2239,2494,632,39,252,237,676,342,155,582,21,361,2649,1182,1393,1077,21,264,332,1875,8091,-156,-327,129,65.6366810833806,263.3068278502553,28208
21,350,147,81,1020,1423,1170,229,2762,2791,22,2234,733,965,2216,2429,702,37,318,294,733,391,173,703,21,284,2470,1004,1330,1033,24,168,386,1869,8104,-192,-385,166,65.88588301860104,254.8249522597072,28278
21,395,209,88,1077,1512,1194,293,2741,2836,22,2317,698,849,2189,2295,755,33,403,359,800,460,179,859,20,189,2295,849,1248,1005,23,105,376,1808,8074,-182,-489,208,66.41095769475245,245.79235821738823,28318
21,415,259,110,1151,1633,1217,371,2692,2902,22,2462,643,687,2150,2153,829,42,520,401,868,525,214,1008,20,115,2053,603,1166,972,22,59,376,1808,8074,-182,-489,208,66.9350468115174,235.18141671082847,28305
21,452,432,120,1237,1703,1257,466,2647,2930,22,2599,563,610,2107,1958,905,52,709,472,943,591,242,1163,20,69,1668,382,1076,906,24,30,383,1830,8163,-192,-629,269,67.53915280518748,223.1278016633775,28376
21,474,681,154,1321,1804,1300,560,2612,2958,22,2709,467,484,2054,1764,956,55,982,514,1045,670,268,1303,19,44,1137,204,984,840,22,24,390,1903,8175,-196,-730,365,68.08886897230423,209.89556094474906,28452
21,500,1039,162,1423,1886,1344,637,2585,2975,23,2740,366,367,2016,1570,1005,80,1263,569,1159,783,262,1442,19,26,628,84,861,752,21,20,277,2030,8221,-22,-853,608,68.94133365935448,196.65542475897723,28628
21,488,1311,187,1547,1979,1399,723,2551,2935,22,2784,243,248,1936,1340,1052,133,1509,590,1288,905,283,1605,19,19,270,21,708,648,22,19,245,2010,8164,80,-1068,970,70.39578198229474,185.08149626800903,28805
21,488,1559,200,1651,2069,1485,818,2518,2867,22,2779,141,137,1826,1043,1114,253,1593,614,1404,1046,315,1826,19,19,59,19,555,506,19,19,245,2010,8164,80,-1068,970,72.4597124534547,174.94080126879052,29004
21,474,1685,203,1745,2137,1618,927,2471,2743,22,2738,80,64,1617,727,1159,455,1618,662,1527,1179,370,2029,19,19,20,19,393,372,19,19,684,1760,8199,152,-1544,1361,75.11044218037117,166.75532571781415,29151
21,464,1803,220,1820,2175,1840,1044,2441,2614,21,2646,41,34,1312,445,1215,609,1625,755,1624,1294,392,2193,19,19,20,19,277,261,19,19,1023,1929,8527,130,-2453,1504,77.61637828060476,159.7020579502406,29301
21,455,1834,236,1851,2200,2105,1128,2387,2505,21,2514,23,25,962,195,1282,726,1617,873,1672,1377,407,2356,19,19,20,19,223,157,19,19,966,1913,9262,731,-3888,1282,80.05940137356066,153.7178050363891,29267
21,466,1875,255,1858,2211,2433,1186,2329,2427,21,2424,21,23,611,42,1352,834,1636,794,1717,1425,353,2442,19,19,20,20,179,102,20,19,1107,1922,9199,1065,-5033,1116,81.8112265898333,149.6507340330658,29154
21,467,1910,250,1865,2235,2739,1206,2251,2342,21,2255,20,22,256,32,1434,935,1621,1049,1755,1453,323,2457,19,18,19,20,135,46,20,19,1404,2048,8946,974,-5826,949,83.62996748245764,145.31160362827316,29215
21,474,1948,271,1887,2258,2867,1223,2134,2269,21,1935,20,24,170,23,1555,1020,1617,1403,1802,1474,270,2479,19,18,19,19,56,18,20,19,1404,2048,8946,974,-5826,949,85.3252478451947,140.90835689708035,29353
21,476,1947,510,1884,2263,2883,1208,2035,2160,21,1716,20,25,109,21,1643,1132,1631,1553,1866,1471,252,2494,18,18,19,19,20,18,20,19,1562,2033,8977,840,-6632,903,86.67898074053981,137.52719381527194,29492
26,476,1942,317,1892,2272,2894,1188,1918,2101,21,1497,20,22,129,21,1756,1204,1636,1723,1862,1464,215,2511,19,18,19,19,19,18,20,19,1964,2545,8592,-53,-7217,1008,87.97011073894319,136.16921867523413,29258
23,479,1934,337,1880,2256,2883,1165,1742,2009,21,1291,20,22,91,21,1915,1296,1668,1882,1870,1463,217,2548,19,18,19,19,19,18,20,19,2361,2294,8000,-516,-7249,1228,89.70901864035088,133.59631990131578,29184
22,454,1903,352,1871,2279,2806,1131,1565,1949,20,1067,20,24,68,20,2064,1376,1700,2015,1892,1427,202,2589,19,18,19,20,18,18,21,19,2312,2796,10239,-738,-8093,1655,91.28477975697321,131.15751864125932,28968
22,469,1868,375,1859,2221,2702,1100,1434,1843,20,792,20,22,76,21,2151,1456,1707,2174,1895,1496,194,2626,19,18,19,20,18,18,21,20,2312,2796,10239,-738,-8093,1655,93.01690131028715,128.72360259269584,28696
22,476,1831,386,1849,2082,2529,1012,1317,1654,20,709,20,22,44,20,2189,1614,1731,2205,1902,1562,244,2731,19,18,19,20,18,19,22,19,2761,3418,10573,-1179,-10767,2537,95.14439541041483,127.04912621359223,28325
23,516,1768,27,1846,1948,2328,852,1206,1394,20,1398,19,26,29,20,2239,1788,1788,28,1859,1649,342,2835,19,19,19,20,18,19,22,21,3636,4451,12933,-2479,-14588,3746,95.97368320245164,135.77029304730894,26105
22,550,1541,410,1835,1872,2183,662,1119,1198,20,325,20,25,23,20,2321,1894,1920,2373,1792,1642,425,3014,20,19,19,21,19,19,22,20,3573,5433,15462,-4660,-19285,5589,100.67635665996711,122.87940800292344,27365
21,657,1248,30,1832,1771,2136,458,849,1166,21,453,20,30,22,21,2588,1665,2015,36,1548,1734,526,2976,20,20,21,30,20,19,22,27,6498,5239,20248,-6532,-23693,6938,102.65215398716774,130.36584451295727,24002
21,508,237,31,1758,1734,1943,358,541,1371,26,303,20,29,23,21,2860,1199,1276,37,1581,1568,481,2675,20,21,27,30,20,20,23,34,9153,2849,18866,-7001,-24200,6961,103.55938642046547,131.6584679746105,20796
21,474,29,32,1504,1752,1424,296,363,1395,28,190,21,38,26,23,2769,422,832,34,1509,1105,287,2205,21,24,28,30,21,22,26,46,9153,2849,18866,-7001,-24200,6961,100.4958522092134,132.41639701123728,16997
22,272,29,30,1260,1638,834,290,335,1084,30,136,23,52,28,25,2277,220,461,34,1123,533,79,1342,24,26,30,29,24,24,28,48,1501,4510,17069,-6405,-22258,6661,95.42211460855529,133.6548829701372,12390
25,143,31,406,842,1384,510,264,302,759,31,30,27,70,30,29,1302,210,197,30,560,150,31,629,27,28,31,30,27,27,30,87,79,7466,16016,-3899,-20931,6513,86.794480009663,138.64657567339052,8279
30,29,31,31,279,382,166,217,231,563,32,31,30,58,31,30,81,89,31,33,100,31,31,341,30,29,32,30,31,31,31,76,-10349,5376,3583,-578,-16448,6561,71.9041588492808,179.45215759849907,3198
30,29,31,31,85,32,32,243,147,550,31,32,31,32,30,31,188,114,32,31,32,31,31,254,30,29,31,32,82,32,31,47,-10424,7762,16132,-48,-4671,1901,74.37520627062706,178.55012376237624,2424
28,29,32,50,84,45,31,208,128,521,32,33,30,58,31,29,247,151,31,32,31,31,32,242,31,29,32,32,33,31,31,60,-10424,7762,16132,-48,-4671,1901,77.54049079754601,173.81635991820042,2445
31,29,31,31,145,88,32,254,144,532,31,32,31,96,31,30,292,177,31,32,31,31,31,219,30,29,31,31,31,31,31,57,-6256,3215,7567,-1467,8917,-3230,76.43291092061125,172.50819977636974,2683
31,29,31,32,124,108,31,253,138,519,31,31,31,72,31,29,289,207,32,31,31,31,31,172,30,29,32,31,37,30,31,63,-2724,4576,4603,-2522,11596,-4723,76.42028158295281,171.66571537290716,2628
31,28,31,31,117,89,32,233,125,498,31,31,32,96,31,30,261,139,31,31,31,31,32,176,30,29,32,31,60,31,31,60,-4117,3853,4641,-1060,11940,-4631,75.0083932853717,180.36670663469224,2502
30,29,31,31,175,102,31,270,80,519,32,31,32,95,31,30,193,122,31,31,31,31,32,180,30,29,31,31,66,31,32,63,-4237,2585,6956,-502,15136,-4736,72.6016713091922,182.84779148428174,2513
31,30,32,31,162,96,31,260,117,524,31,31,31,91,31,30,213,114,31,32,31,31,32,181,30,29,31,31,41,31,31,73,-4237,2585,6956,-502,15136,-4736,72.08627528758429,181.0918286394288,2521
30,29,31,31,174,108,31,312,145,477,32,31,31,96,32,30,228,140,32,32,31,30,31,152,30,30,32,31,49,31,32,73,-3042,3251,6546,-971,18099,-4823,71.8041474654378,180.4218509984639,2604
30,30,31,32,190,162,32,326,188,512,32,32,30,96,31,29,220,91,32,32,31,31,32,179,31,29,31,32,37,30,32,78,-859,3773,6369,214,18294,-4421,69.07671182716953,180.54155986818014,2731
30,30,31,31,206,292,32,284,237,515,31,31,31,105,32,29,227,119,31,31,30,30,31,198,30,29,31,32,39,30,31,76,873,3718,7196,1313,17238,-4408,69.63630183548607,179.98793337865396,2942
30,30,32,32,213,435,31,260,267,494,31,31,30,81,31,30,211,128,31,31,31,30,32,135,30,29,32,31,31,30,32,89,4127,4952,9993,2843,16114,-5369,67.51287194918088,180.66181878970244,2991
30,29,31,31,240,615,32,218,292,490,31,32,31,74,31,30,226,113,32,32,30,29,32,121,29,30,31,31,31,29,31,77,3841,4339,12703,4064,15313,-6500,66.88029290035021,179.09169054441261,3141
29,30,31,31,262,755,32,194,362,513,31,129,30,79,31,30,221,143,31,31,30,28,32,142,29,29,31,31,30,29,31,87,3841,4339,12703,4064,15313,-6500,65.74460839954597,180.69977298524404,3524
29,29,31,31,274,852,32,259,471,540,31,91,30,65,32,30,227,93,32,32,31,28,32,131,29,29,32,31,30,28,31,107,6054,5090,14550,3910,14796,-6949,62.46853333333333,180.70586666666668,3750
29,30,32,31,274,961,32,246,468,542,32,87,30,48,31,30,211,85,31,31,30,28,31,168,30,29,31,31,30,28,31,95,8098,5515,15666,2847,14406,-6737,62.96534135495684,178.96691080303427,3823
29,29,32,30,282,989,32,225,475,561,31,103,31,65,32,30,202,118,31,31,31,28,32,201,29,29,31,31,30,28,31,102,7955,6450,16787,2680,15036,-5347,63.95013885382479,179.83867710174198,3961
29,29,32,31,264,994,31,229,490,558,31,114,30,59,31,30,206,140,31,31,30,28,31,176,30,29,32,31,30,28,32,105,9660,5835,15471,3306,16192,-3799,63.67484894259819,179.84818731117824,3972
29,29,32,31,279,966,32,257,485,557,31,105,31,66,32,30,177,144,31,31,31,28,32,209,29,29,32,31,30,28,31,121,9660,5835,15471,3306,16192,-3799,63.85184722915626,180.9700449326011,4006
29,29,32,31,271,930,31,261,485,534,31,121,30,67,31,30,201,126,31,31,30,28,32,197,29,29,32,31,30,28,32,124,10092,5505,14064,4354,16175,-2648,63.743550834597876,181.54223571067274,3954
29,29,31,31,260,845,32,243,475,490,32,123,30,68,31,30,213,126,32,31,30,29,31,189,29,30,31,32,31,28,31,130,9963,4537,13453,5654,15420,-1422,64.6011309836928,182.76814834297738,3802
29,30,32,32,258,797,32,297,461,533,31,106,30,72,32,29,185,137,31,31,30,28,31,202,29,29,32,30,30,28,31,141,10155,784,13413,7728,14216,-403,63.91348667015159,182.63473601672766,3826
29,29,31,31,264,765,32,326,476,492,31,102,30,55,31,29,209,183,31,31,31,29,31,161,30,29,31,31,30,29,31,146,12167,-3751,11999,8707,12324,168,64.65343291404612,180.48558700209642,3816
29,30,31,31,253,701,31,309,451,505,31,111,30,66,32,29,242,97,31,31,30,31,32,164,29,29,31,31,30,29,31,128,15825,-4433,8800,5455,9595,186,63.75490998363339,181.39579923622478,3666
29,29,32,31,255,732,32,318,473,502,31,114,30,62,32,29,218,113,32,30,30,29,31,112,29,29,31,31,30,28,31,145,15825,-4433,8800,5455,9595,186,61.93953804347826,183.4927989130435,3680
29,30,32,32,248,666,31,274,463,463,32,85,30,64,33,30,280,132,31,31,30,29,32,90,29,30,31,31,30,30,31,149,21170,-3503,5886,2721,6161,146,64.3084598088814,182.4797639123103,3558
29,29,31,31,226,637,32,273,425,487,31,96,29,59,32,30,319,141,31,31,30,29,31,109,30,29,31,31,30,29,32,134,20021,-4418,5382,1122,1472,217,65.98758465011286,179.1992099322799,3544
29,29,31,31,213,529,31,226,346,450,31,85,31,41,31,30,181,96,31,31,31,30,31,93,29,29,32,31,42,30,32,77,11525,-1839,7769,-692,-2695,-737,64.09147157190635,182.97073578595317,2990
30,29,32,31,219,309,31,262,327,510,31,31,30,38,31,31,74,105,31,32,30,27,31,115,30,29,31,32,157,1406,32,30,-845,3767,7433,-3302,-9395,-940,70.73210854947166,266.7405139289145,4164
30,30,31,31,128,73,31,319,286,483,31,120,29,391,110,30,75,78,31,29,28,22,31,73,34,30,101,903,771,2137,60,43,-845,3767,7433,-3302,-9395,-940,74.04743142900439,337.2719351416881,6599
30,31,30,23,106,37,31,257,297,566,31,23,26,1041,31,28,30,85,30,22,26,21,65,108,29,29,312,2600,1583,2039,295,920,-2983,-616,7809,-5367,-7712,-723,74.37966054535336,379.73070858838804,10782
31,28,30,21,99,52,29,144,285,555,29,21,76,1274,65,23,29,80,29,20,24,20,47,62,446,872,793,3160,2052,2044,869,2469,-1134,-537,10137,-6786,-6446,789,76.67112435036127,404.4848523260236,15778
28,24,25,33,78,56,26,81,239,271,25,21,156,1578,99,48,27,47,24,20,21,19,54,35,1208,2192,2091,3328,2590,1919,1464,3006,1599,2307,15372,-2480,-9560,2325,82.75214803436855,419.2692603081649,20833
26,22,22,29,76,93,26,73,323,236,23,50,523,1713,147,48,26,31,22,20,20,19,52,42,1230,2552,2728,3357,2621,1859,1439,3100,2194,4500,15176,-1106,-9349,2544,83.16409437644137,417.58470817810894,22548
26,21,21,28,64,137,26,60,364,267,23,102,919,1763,180,457,26,37,21,19,19,19,26,33,1105,2616,2973,3319,2474,1787,1241,2702,696,3120,10924,-1341,-7023,1461,82.34518032786885,412.14028415300544,22875
27,21,21,23,60,186,27,43,636,330,23,236,1134,1767,170,1206,27,39,21,19,19,18,27,29,576,2539,3056,3187,2356,1752,960,2139,696,3120,10924,-1341,-7023,1461,79.79253770838847,400.056033342154,22674
27,22,21,20,75,239,27,36,997,422,23,510,1242,1762,622,1645,27,34,21,19,19,18,26,34,267,2433,3102,2918,2287,1710,571,1822,333,2338,8872,-2085,-4566,644,76.56378815549178,384.8453561179233,22998
25,22,21,21,94,300,23,38,1679,641,23,887,1293,1745,2179,1963,38,34,21,19,19,18,23,29,82,2223,3110,2581,2230,1672,194,1557,443,2274,8055,-1953,-3203,78,71.05857926140945,362.18341799709725,24804
23,19,21,19,163,371,21,27,2362,912,24,1254,1332,1726,2869,2103,60,34,21,19,19,18,22,26,34,1955,3137,2289,2164,1621,59,1461,399,2101,8328,-1812,-2611,-58,67.21464578957418,346.9605117433645,26185
21,21,20,19,240,745,47,38,2859,1403,23,1554,1320,1743,3085,2190,64,34,20,19,24,18,20,34,24,1628,3146,2024,2099,1537,26,1364,457,1922,8271,-1885,-1345,26,64.03055565690102,332.411507169178,27409
21,46,21,27,345,696,175,45,3056,1769,24,1756,1291,1567,3062,2273,110,34,20,19,62,18,20,32,23,1372,3156,1839,2010,1463,23,1262,457,1922,8271,-1885,-1345,26,62.632394977747225,322.82583131309474,27637
21,70,21,44,452,950,603,54,3087,2123,24,1891,1203,1449,2773,2326,165,31,21,19,158,19,20,41,23,1119,3145,1658,1913,1351,22,1145,440,1918,8333,-1611,-771,141,62.272377509752694,310.88230557245623,27941
21,144,21,53,601,1099,807,59,3074,2314,23,2101,1104,1384,2656,2478,230,29,44,19,263,23,26,64,22,901,3094,1465,1788,1290,22,979,560,1823,8534,-579,-242,173,61.82131711468899,300.4552273210866,28198
21,263,21,67,716,1182,906,73,3092,2417,23,2043,1033,1316,2564,2561,283,34,96,20,365,71,53,115,22,725,3042,1325,1674,1227,21,822,451,1887,8153,-202,-236,144,61.98710672862058,291.5357535558472,28193
21,353,24,133,808,1256,970,130,3090,2569,23,2345,972,1249,2516,2584,316,39,149,38,440,125,69,157,22,489,2933,1163,1580,1170,23,669,406,1856,8226,-126,-434,119,61.37992963940194,281.24386983289355,28425
21,432,75,82,888,1333,998,170,3113,2698,22,2512,918,1191,2488,2657,315,38,190,68,501,155,72,231,21,308,2783,923,1509,1121,22,472,432,1905,8079,-45,-584,101,60.667349172167896,272.2335757404596,28327
21,520,91,94,944,1414,1015,211,3111,2752,22,2633,881,1148,2482,2669,344,34,239,89,540,170,78,276,22,193,2627,792,1448,1075,23,363,432,1905,8079,-45,-584,101,60.22991772889375,265.2666042865718,28321
21,542,137,107,995,1488,1024,257,3122,2815,22,2757,845,1098,2464,2696,358,34,274,85,579,186,85,330,20,114,2461,685,1393,1030,22,245,439,1873,8014,14,-661,100,59.81669082040225,259.1080378919091,28291
21,591,187,43,1048,1562,1048,317,3126,2830,23,2833,809,1046,2449,2643,366,37,328,35,622,208,84,388,20,63,2266,529,1335,986,22,175,515,1850,8074,6,-682,122,59.45663338088445,253.45747146932953,28040
21,618,254,37,1104,1637,1069,343,3146,2849,23,2938,769,981,2439,2657,362,35,383,115,670,222,86,428,20,44,2022,420,1264,952,21,92,438,1853,8084,-2,-644,130,59.1726919096392,247.01903929195961,28021
21,615,306,30,1160,1724,1078,402,3123,2881,23,2995,733,894,2442,2622,375,30,458,164,712,247,79,467,20,33,1753,264,1208,927,20,53,509,1901,8013,8,-612,139,58.90690620625292,240.49798987759792,27859
21,635,369,148,1212,1837,1098,446,3100,2888,24,3057,694,756,2430,2549,417,34,548,190,761,277,93,519,20,20,1548,160,1142,906,20,33,509,1901,8013,8,-612,139,59.20028978248426,233.07956496851745,27952
21,656,453,170,1272,1912,1118,514,3066,2894,24,3074,658,678,2400,2484,460,35,684,214,817,311,97,547,20,20,1164,94,1065,865,19,28,439,1900,8092,-1,-589,146,59.14123015017604,225.65951713731408,27834
21,671,575,175,1344,2001,1143,560,3015,2896,26,3094,599,592,2391,2353,515,36,810,243,875,349,93,636,19,19,797,48,980,805,19,24,544,1892,8018,-4,-614,207,59.45058433126533,217.63940989756168,27724
21,663,693,177,1413,2088,1165,644,3014,2889,24,3113,533,524,2363,2237,551,32,931,260,929,393,92,702,19,19,551,24,909,750,19,19,556,1917,8138,44,-611,268,59.80391556500126,211.16346673390728,27761
21,667,833,179,1473,2138,1201,683,2954,2899,25,3114,470,446,2343,2153,602,30,1091,300,987,436,90,768,19,19,334,19,875,725,19,19,610,1912,8010,71,-568,291,60.58006945438923,205.33977158814264,27932
21,673,985,172,1518,2227,1214,739,2934,2904,25,3086,426,383,2324,2051,659,35,1187,323,1040,460,100,820,19,19,210,19,830,674,19,19,621,1862,8037,90,-577,308,61.23162013160235,200.42916592566246,28115
21,671,1150,178,1565,2301,1233,791,2887,2912,24,3075,375,323,2308,1957,704,35,1259,341,1092,489,114,876,19,19,105,19,774,616,19,19,621,1862,8037,90,-577,308,61.87679954723922,195.74875313925932,28271
21,668,1337,184,1627,2380,1258,847,2846,2910,24,3038,321,248,2271,1851,766,35,1307,374,1142,539,116,954,19,19,23,19,707,552,19,19,692,1889,7970,56,-680,327,62.741869132590274,190.61812172567772,28441
21,663,1483,206,1668,2434,1287,904,2805,2944,23,3016,274,196,2237,1697,815,41,1342,391,1206,606,122,1042,19,19,22,19,645,485,19,19,718,1841,8098,-9,-670,387,63.74136728287409,186.38062434600627,28670
21,644,1649,222,1705,2459,1333,960,2745,2954,23,2996,227,149,2186,1550,881,34,1389,401,1275,677,136,1160,19,19,21,19,577,438,19,19,689,1885,8032,-56,-710,454,64.99209534022901,182.30425156536478,28907
21,628,1717,233,1748,2449,1377,1031,2702,2945,22,2968,197,118,2121,1356,939,63,1448,419,1339,756,149,1282,19,19,21,19,498,388,19,19,767,1879,8223,-62,-713,535,66.33635893902859,178.28286255597658,29030
21,611,1752,239,1792,2471,1428,1086,2662,2943,22,2931,132,85,2060,1197,981,86,1497,431,1406,840,164,1400,19,19,20,19,437,325,19,19,767,1879,8223,-62,-713,535,67.59797691832108,174.52246341966065,29114
21,593,1785,256,1829,2477,1480,1150,2618,2922,22,2903,100,61,1979,1007,1033,127,1529,476,1460,922,175,1534,19,19,20,19,387,266,19,19,799,1842,8115,-13,-846,562,68.99384131111643,170.74145481917404,29227
24,582,1819,250,1857,2467,1557,1202,2579,2892,22,2858,79,41,1881,821,1079,180,1542,505,1516,993,190,1660,19,19,20,19,330,224,19,19,853,1867,8153,93,-1065,592,70.38874081667521,167.3287203143687,29265
24,541,1869,272,1876,2454,1648,1241,2545,2830,21,2812,48,28,1732,660,1122,297,1540,544,1561,1081,223,1785,19,19,20,19,263,168,19,19,916,1809,8341,309,-1543,625,72.10969283276451,163.5122013651877,29300
21,545,1927,300,1905,2452,1784,1286,2512,2759,21,2684,42,23,1539,482,1162,388,1523,643,1594,1142,252,1916,19,19,20,19,241,127,19,19,962,1907,8603,515,-2078,650,73.87444274289604,159.68104475072315,29385
21,534,1950,297,1911,2427,1963,1320,2479,2698,21,2658,26,25,1290,319,1191,481,1539,692,1632,1200,264,2043,19,19,19,19,214,84,19,19,1112,2067,8421,528,-2557,618,75.54560609668968,156.3288708195829,29393
21,514,1968,332,1915,2419,2171,1343,2438,2624,21,2559,23,24,1035,190,1242,573,1544,788,1660,1247,256,2131,19,19,19,20,162,51,19,19,1112,2067,8421,528,-2557,618,77.23089627460328,152.62538309609752,29366
21,507,1985,712,1924,2423,2395,1361,2397,2569,21,2422,23,23,783,78,1286,652,1551,910,1685,1271,234,2232,19,18,19,19,132,27,19,19,1173,2096,8430,670,-3092,634,78.7371792716145,147.78575511988433,29737
21,498,1987,665,1936,2434,2641,1364,2373,2511,21,2321,20,21,466,31,1316,732,1550,978,1718,1284,205,2284,18,18,19,19,110,19,20,19,1457,2016,8567,687,-3485,687,80.09272764104122,145.32602383605118,29619
21,477,1983,303,1943,2444,2830,1351,2319,2454,21,2091,20,21,269,33,1374,827,1566,1130,1739,1264,166,2300,18,18,19,19,67,19,20,19,1588,2103,8717,624,-3867,688,81.60001715560131,143.86164007548464,29145
21,463,1995,299,1960,2460,2906,1337,2254,2401,20,2015,20,20,181,27,1434,885,1559,1237,1769,1245,166,2334,19,18,19,19,28,18,20,19,1592,1964,8551,542,-4436,713,82.53563837081734,142.16108406472847,29168
21,447,1996,564,1965,2505,2899,1314,2177,2338,21,1775,20,20,138,23,1509,967,1576,1420,1786,1197,165,2361,19,18,19,19,18,18,20,20,1592,1964,8551,542,-4436,713,83.60797138477261,139.01718616930677,29355
21,430,1984,308,1941,2534,2910,1293,2091,2276,20,1704,20,21,138,21,1593,1055,1582,1452,1808,1158,146,2384,19,18,19,20,18,18,20,20,1873,2407,8729,299,-5307,835,84.55857034639487,138.943271813236,29042
21,428,1989,22,1913,2575,2854,1257,1949,2231,20,2776,20,23,150,20,1699,1119,1594,1733,1821,1072,139,2434,19,18,19,20,18,18,20,21,2079,2695,8982,-464,-5971,1030,83.81020924963347,141.83943089430895,30012
21,391,1958,317,1918,2630,2807,1208,1785,2070,20,1216,20,25,70,21,1854,1276,1622,1900,1822,1006,156,2475,19,18,19,20,18,19,20,21,2443,2369,8861,-813,-6683,1401,87.88363718599959,133.56775798483056,28742
22,371,1928,323,1908,2610,2620,1126,1595,1959,20,910,20,25,97,20,2006,1410,1605,2088,1816,1021,210,2538,19,19,19,20,19,19,22,22,2721,2796,12142,-797,-8594,1916,90.12729256873305,130.82990108071954,28407
22,402,1904,294,1939,2504,2287,1001,1361,1688,20,680,20,23,95,20,2186,1618,1621,2280,1756,1048,217,2643,19,19,19,20,19,19,23,22,2928,3352,13414,-1403,-12457,2617,93.13071719025514,127.09685487063227,27789
22,462,1728,348,1962,2313,1957,914,1182,1389,20,497,20,25,92,20,2313,1794,1747,2376,1656,1133,295,2678,19,19,19,20,19,19,24,26,2928,3352,13414,-1403,-12457,2617,96.03869706359747,123.91742290098864,27108
21,529,1603,384,1863,2121,1897,661,918,1261,21,291,20,29,24,21,2535,1731,1682,2371,1559,1230,285,2719,19,19,20,21,20,20,24,29,3648,3863,15345,-3073,-16280,3506,99.04946431324187,120.89958763681209,25948
20,558,867,30,1918,2051,1679,342,678,1358,24,367,21,29,25,21,2725,1334,1307,30,1286,1112,285,2597,20,21,26,31,20,20,24,43,5849,2400,17960,-4224,-18979,4193,99.6639273563659,129.99151852029325,20869
21,293,29,31,1730,2061,1220,318,463,1587,29,247,21,31,27,23,2776,562,644,31,1167,759,174,2083,20,23,29,30,21,22,28,64,7430,3067,17320,-5731,-19173,3542,96.61742332769862,133.09620260806568,16564
21,164,30,328,1466,1840,603,236,356,1328,31,154,24,44,29,26,2592,163,264,713,869,238,29,1085,21,27,30,29,24,25,30,110,1900,3881,15457,-7662,-16999,3089,90.69850723180447,127.3940753345193,12929
22,127,30,32,992,1284,266,196,324,821,31,78,27,36,30,29,2160,194,86,32,366,81,30,458,23,28,31,31,28,28,31,89,1900,3881,15457,-7662,-16999,3089,89.24174043136766,132.0622740306695,8021
28,29,31,234,312,638,31,195,515,690,31,31,29,67,32,30,350,94,32,30,31,30,32,117,28,29,31,31,53,29,31,40,-2662,5850,14705,-7213,-15002,2522,64.29774993607774,165.2275632830478,3911
29,29,31,252,221,505,31,224,354,593,31,31,31,59,31,30,344,118,31,31,31,30,31,118,29,29,31,30,32,30,31,63,-9422,5114,3982,-6388,-10755,-1239,67.6124319679175,163.37353193927243,3491
29,28,31,117,212,524,31,233,417,608,31,31,30,75,32,30,383,132,32,31,31,30,31,118,28,29,32,32,33,29,31,95,-5948,3978,6348,-5649,-1410,-6158,67.22651856017998,170.81791338582678,3556
30,29,32,51,203,475,31,223,385,580,31,31,31,76,31,30,323,104,31,32,30,30,32,151,29,29,32,32,48,30,31,73,-6272,5007,5475,-5662,892,-8130,67.3309134906231,175.60390199637024,3306
29,29,32,42,208,397,31,237,343,595,32,31,31,95,31,30,250,125,31,32,30,30,32,98,29,29,31,32,61,30,32,87,-6807,3274,5430,-4411,3602,-9222,65.11516497461929,182.28315355329948,3152
30,29,31,31,204,369,31,203,330,589,32,31,30,105,32,30,209,104,32,32,30,30,32,119,30,29,31,31,60,30,31,67,-6807,3274,5430,-4411,3602,-9222,64.90079893475367,184.73069241011984,3004